<?xml version="1.0" encoding="ISO-8859-1" ?>  
<!DOCTYPE scenario SYSTEM "sipp.dtd">  
  
<scenario name="branch_client">
<send retrans="500">
<![CDATA[
REGISTER sip:[remote_ip]:[remote_port] SIP/2.0
Via: SIP/2.0/UDP [local_ip]:[local_port];branch=[branch];
Max-Forwards: 70
From: [field0]<sip:[field0]@[remote_ip]:[remote_port]>;tag=[call_number]
To: [field0]<sip:[field0]@[remote_ip]:[remote_port]>
Call-ID: [call_id]
CSeq: 1 REGISTER
Contact: sip:[field0]@[local_ip]:[local_port]
Allow: INVITE, ACK, CANCEL, BYE, NOTIFY, OPTIONS, REFER, MESSAGE, INFO
Expires: 64
User-Agent: Zed-3-SVP
Content-Length: [len]
]]>
</send>

<recv response="401" auth="true" rtd="true" ptional="true" next="3"></recv>
<recv response="200" rtd="true" ></recv>                              


<label id="3"/>
<send retrans="500">
<![CDATA[
REGISTER sip:[remote_ip]:[remote_port] SIP/2.0
Via: SIP/2.0/UDP  [local_ip]:[local_port];branch=[branch];
Max-Forwards: 70
From: [field0]<sip:[field0]@[remote_ip]:[remote_port]>;tag=[call_number]
To: [field0]<sip:[field0]@[remote_ip]:[remote_port]>
Call-ID: [call_id]
CSeq: 2 REGISTER
Contact: <sip:[field0]@[local_ip]:[local_port]>
[field2]
Allow: INVITE, ACK, CANCEL, BYE, NOTIFY, OPTIONS, REFER, MESSAGE, INFO
Expires: 64
User-Agent: Zed-3-SVP
Content-Length:[len]
]]>
</send>
 
<recv response="200"  rtd="true" next="2"> </recv>
<label id="2"/>
<pause milliseconds="1000"/>
<ResponseTimeRepartition value="10, 20, 30, 40, 50, 100, 150, 200"/>

<!-- definition of the call length repartition table (unit is ms)     -->
<CallLengthRepartition value="10, 50, 100, 500, 1000, 5000, 10000"/>
 
</scenario>
