<?xml version="1.0" encoding="ISO-8859-1" ?>
<!DOCTYPE scenario SYSTEM "sipp.dtd">
<!-- This program is free software; you can redistribute it and/or      -->
<!-- modify it under the terms of the GNU General Public License as     -->
<!-- published by the Free Software Foundation; either version 2 of the -->
<!-- License, or (at your option) any later version.                    -->
<!--                                                                    -->
<!-- This program is distributed in the hope that it will be useful,    -->
<!-- but WITHOUT ANY WARRANTY; without even the implied warranty of     -->
<!-- MERCHANTABILITY or FITNESS FOR A PARTICULAR PURPOSE.  See the      -->
<!-- GNU General Public License for more details.                       -->
<!--                                                                    -->
<!-- You should have received a copy of the GNU General Public License  -->
<!-- along with this program; if not, write to the                      -->
<!-- Free Software Foundation, Inc.,                                    -->
<!-- 59 Temple Place, Suite 330, Boston, MA  02111-1307 USA             -->
<!--                                                                    -->
<!--                 Sipp default 'branchc' scenario.                   -->
<!--                                                                    -->
<scenario name="branch_client">
  <send retrans="500">
    <![CDATA[
      REGISTER sip:[remote_ip] SIP/2.0
      Via: SIP/2.0/[transport] [local_ip]:[local_port];branch=[branch]
      From: [field0] <sip:[field0]@[remote_ip]:[remote_port]>;tag=[call_number]
      To: [field0] <sip:[field0]@[remote_ip]:[remote_port]>
      Call-ID: [call_id]
      CSeq: 1 REGISTER
      Contact: sip:[field0]@[local_ip]:[local_port]
      Content-Length: 0
      Expires: 3600
    ]]>
   </send>

  <recv response="401" auth="true" next="1">
  </recv>
  <!--  send invite with authentication messages -->
  <label id="1"/>
  <send retrans="500">
  <![CDATA[
      REGISTER sip:[field0]@[remote_ip]:[remote_port] SIP/2.0
      Via: SIP/2.0/[transport] [local_ip]:[local_port]
      From: [field0] <sip:[field0]@[remote_ip]:[remote_port]>;tag=[call_number]
      To: [field0] <sip:[field0]@[remote_ip]:[remote_port]>
      Call-ID: [call_id]
      CSeq: 2 REGISTER
      Contact: sip:[field0]@[local_ip]:[local_port]
      [field2]
      Content-Length: [len]
      Expires: 3600
    ]]>
  </send>
  <recv response="200"  >
  </recv>
   <pause milliseconds="1"/>
  <!-- definition of the response time repartition table (unit is ms)   -->
  <ResponseTimeRepartition value="10, 20, 30, 40, 50, 100, 150, 200"/>
  <!-- definition of the call length repartition table (unit is ms)     -->
  <CallLengthRepartition value="10, 50, 100, 500, 1000, 5000, 10000"/>
</scenario>
