RANDOM
1000;3853652000;[authentication username=1000 password=1234]
1001;3853652001;[authentication username=1001 password=1234]
1002;3853652002;[authentication username=1002 password=1234]
1003;3853652003;[authentication username=1003 password=1234]
1004;3853652004;[authentication username=1004 password=1234]
1005;3853652005;[authentication username=1005 password=1234]
1006;3853652006;[authentication username=1006 password=1234]
1007;3853652007;[authentication username=1007 password=1234]
1008;3853652008;[authentication username=1008 password=1234]
1009;3853652009;[authentication username=1009 password=1234]
1010;3853652010;[authentication username=1010 password=1234]
1011;3853652011;[authentication username=1011 password=1234]
1012;3853652012;[authentication username=1012 password=1234]
1013;3853652013;[authentication username=1013 password=1234]
1014;3853652014;[authentication username=1014 password=1234]
1015;3853652015;[authentication username=1015 password=1234]
1016;3853652016;[authentication username=1016 password=1234]
1017;3853652017;[authentication username=1017 password=1234]
1018;3853652018;[authentication username=1018 password=1234]
1019;3853652019;[authentication username=1019 password=1234]
1020;3853652020;[authentication username=1020 password=1234]
1021;3853652021;[authentication username=1021 password=1234]
1022;3853652022;[authentication username=1022 password=1234]
1023;3853652023;[authentication username=1023 password=1234]
1024;3853652024;[authentication username=1024 password=1234]
1025;3853652025;[authentication username=1025 password=1234]
1026;3853652026;[authentication username=1026 password=1234]
1027;3853652027;[authentication username=1027 password=1234]
1028;3853652028;[authentication username=1028 password=1234]
1029;3853652029;[authentication username=1029 password=1234]
1030;3853652030;[authentication username=1030 password=1234]
1031;3853652031;[authentication username=1031 password=1234]
1032;3853652032;[authentication username=1032 password=1234]
1033;3853652033;[authentication username=1033 password=1234]
1034;3853652034;[authentication username=1034 password=1234]
1035;3853652035;[authentication username=1035 password=1234]
1036;3853652036;[authentication username=1036 password=1234]
1037;3853652037;[authentication username=1037 password=1234]
1038;3853652038;[authentication username=1038 password=1234]
1039;3853652039;[authentication username=1039 password=1234]
1040;3853652040;[authentication username=1040 password=1234]
1041;3853652041;[authentication username=1041 password=1234]
1042;3853652042;[authentication username=1042 password=1234]
1043;3853652043;[authentication username=1043 password=1234]
1044;3853652044;[authentication username=1044 password=1234]
1045;3853652045;[authentication username=1045 password=1234]
1046;3853652046;[authentication username=1046 password=1234]
1047;3853652047;[authentication username=1047 password=1234]
1048;3853652048;[authentication username=1048 password=1234]
1049;3853652049;[authentication username=1049 password=1234]
1050;3853652050;[authentication username=1050 password=1234]
1051;3853652051;[authentication username=1051 password=1234]
1052;3853652052;[authentication username=1052 password=1234]
1053;3853652053;[authentication username=1053 password=1234]
1054;3853652054;[authentication username=1054 password=1234]
1055;3853652055;[authentication username=1055 password=1234]
1056;3853652056;[authentication username=1056 password=1234]
1057;3853652057;[authentication username=1057 password=1234]
1058;3853652058;[authentication username=1058 password=1234]
1059;3853652059;[authentication username=1059 password=1234]
1060;3853652060;[authentication username=1060 password=1234]
1061;3853652061;[authentication username=1061 password=1234]
1062;3853652062;[authentication username=1062 password=1234]
1063;3853652063;[authentication username=1063 password=1234]
1064;3853652064;[authentication username=1064 password=1234]
1065;3853652065;[authentication username=1065 password=1234]
1066;3853652066;[authentication username=1066 password=1234]
1067;3853652067;[authentication username=1067 password=1234]
1068;3853652068;[authentication username=1068 password=1234]
1069;3853652069;[authentication username=1069 password=1234]
1070;3853652070;[authentication username=1070 password=1234]
1071;3853652071;[authentication username=1071 password=1234]
1072;3853652072;[authentication username=1072 password=1234]
1073;3853652073;[authentication username=1073 password=1234]
1074;3853652074;[authentication username=1074 password=1234]
1075;3853652075;[authentication username=1075 password=1234]
1076;3853652076;[authentication username=1076 password=1234]
1077;3853652077;[authentication username=1077 password=1234]
1078;3853652078;[authentication username=1078 password=1234]
1079;3853652079;[authentication username=1079 password=1234]
1080;3853652080;[authentication username=1080 password=1234]
1081;3853652081;[authentication username=1081 password=1234]
1082;3853652082;[authentication username=1082 password=1234]
1083;3853652083;[authentication username=1083 password=1234]
1084;3853652084;[authentication username=1084 password=1234]
1085;3853652085;[authentication username=1085 password=1234]
1086;3853652086;[authentication username=1086 password=1234]
1087;3853652087;[authentication username=1087 password=1234]
1088;3853652088;[authentication username=1088 password=1234]
1089;3853652089;[authentication username=1089 password=1234]
1090;3853652090;[authentication username=1090 password=1234]
1091;3853652091;[authentication username=1091 password=1234]
1092;3853652092;[authentication username=1092 password=1234]
1093;3853652093;[authentication username=1093 password=1234]
1094;3853652094;[authentication username=1094 password=1234]
1095;3853652095;[authentication username=1095 password=1234]
1096;3853652096;[authentication username=1096 password=1234]
1097;3853652097;[authentication username=1097 password=1234]
1098;3853652098;[authentication username=1098 password=1234]
1099;3853652099;[authentication username=1099 password=1234]
1100;3853652100;[authentication username=1100 password=1234]
1101;3853652101;[authentication username=1101 password=1234]
1102;3853652102;[authentication username=1102 password=1234]
1103;3853652103;[authentication username=1103 password=1234]
1104;3853652104;[authentication username=1104 password=1234]
1105;3853652105;[authentication username=1105 password=1234]
1106;3853652106;[authentication username=1106 password=1234]
1107;3853652107;[authentication username=1107 password=1234]
1108;3853652108;[authentication username=1108 password=1234]
1109;3853652109;[authentication username=1109 password=1234]
1110;3853652110;[authentication username=1110 password=1234]
1111;3853652111;[authentication username=1111 password=1234]
1112;3853652112;[authentication username=1112 password=1234]
1113;3853652113;[authentication username=1113 password=1234]
1114;3853652114;[authentication username=1114 password=1234]
1115;3853652115;[authentication username=1115 password=1234]
1116;3853652116;[authentication username=1116 password=1234]
1117;3853652117;[authentication username=1117 password=1234]
1118;3853652118;[authentication username=1118 password=1234]
1119;3853652119;[authentication username=1119 password=1234]
1120;3853652120;[authentication username=1120 password=1234]
1121;3853652121;[authentication username=1121 password=1234]
1122;3853652122;[authentication username=1122 password=1234]
1123;3853652123;[authentication username=1123 password=1234]
1124;3853652124;[authentication username=1124 password=1234]
1125;3853652125;[authentication username=1125 password=1234]
1126;3853652126;[authentication username=1126 password=1234]
1127;3853652127;[authentication username=1127 password=1234]
1128;3853652128;[authentication username=1128 password=1234]
1129;3853652129;[authentication username=1129 password=1234]
1130;3853652130;[authentication username=1130 password=1234]
1131;3853652131;[authentication username=1131 password=1234]
1132;3853652132;[authentication username=1132 password=1234]
1133;3853652133;[authentication username=1133 password=1234]
1134;3853652134;[authentication username=1134 password=1234]
1135;3853652135;[authentication username=1135 password=1234]
1136;3853652136;[authentication username=1136 password=1234]
1137;3853652137;[authentication username=1137 password=1234]
1138;3853652138;[authentication username=1138 password=1234]
1139;3853652139;[authentication username=1139 password=1234]
1140;3853652140;[authentication username=1140 password=1234]
1141;3853652141;[authentication username=1141 password=1234]
1142;3853652142;[authentication username=1142 password=1234]
1143;3853652143;[authentication username=1143 password=1234]
1144;3853652144;[authentication username=1144 password=1234]
1145;3853652145;[authentication username=1145 password=1234]
1146;3853652146;[authentication username=1146 password=1234]
1147;3853652147;[authentication username=1147 password=1234]
1148;3853652148;[authentication username=1148 password=1234]
1149;3853652149;[authentication username=1149 password=1234]
1150;3853652150;[authentication username=1150 password=1234]
1151;3853652151;[authentication username=1151 password=1234]
1152;3853652152;[authentication username=1152 password=1234]
1153;3853652153;[authentication username=1153 password=1234]
1154;3853652154;[authentication username=1154 password=1234]
1155;3853652155;[authentication username=1155 password=1234]
1156;3853652156;[authentication username=1156 password=1234]
1157;3853652157;[authentication username=1157 password=1234]
1158;3853652158;[authentication username=1158 password=1234]
1159;3853652159;[authentication username=1159 password=1234]
1160;3853652160;[authentication username=1160 password=1234]
1161;3853652161;[authentication username=1161 password=1234]
1162;3853652162;[authentication username=1162 password=1234]
1163;3853652163;[authentication username=1163 password=1234]
1164;3853652164;[authentication username=1164 password=1234]
1165;3853652165;[authentication username=1165 password=1234]
1166;3853652166;[authentication username=1166 password=1234]
1167;3853652167;[authentication username=1167 password=1234]
1168;3853652168;[authentication username=1168 password=1234]
1169;3853652169;[authentication username=1169 password=1234]
1170;3853652170;[authentication username=1170 password=1234]
1171;3853652171;[authentication username=1171 password=1234]
1172;3853652172;[authentication username=1172 password=1234]
1173;3853652173;[authentication username=1173 password=1234]
1174;3853652174;[authentication username=1174 password=1234]
1175;3853652175;[authentication username=1175 password=1234]
1176;3853652176;[authentication username=1176 password=1234]
1177;3853652177;[authentication username=1177 password=1234]
1178;3853652178;[authentication username=1178 password=1234]
1179;3853652179;[authentication username=1179 password=1234]
1180;3853652180;[authentication username=1180 password=1234]
1181;3853652181;[authentication username=1181 password=1234]
1182;3853652182;[authentication username=1182 password=1234]
1183;3853652183;[authentication username=1183 password=1234]
1184;3853652184;[authentication username=1184 password=1234]
1185;3853652185;[authentication username=1185 password=1234]
1186;3853652186;[authentication username=1186 password=1234]
1187;3853652187;[authentication username=1187 password=1234]
1188;3853652188;[authentication username=1188 password=1234]
1189;3853652189;[authentication username=1189 password=1234]
1190;3853652190;[authentication username=1190 password=1234]
1191;3853652191;[authentication username=1191 password=1234]
1192;3853652192;[authentication username=1192 password=1234]
1193;3853652193;[authentication username=1193 password=1234]
1194;3853652194;[authentication username=1194 password=1234]
1195;3853652195;[authentication username=1195 password=1234]
1196;3853652196;[authentication username=1196 password=1234]
1197;3853652197;[authentication username=1197 password=1234]
1198;3853652198;[authentication username=1198 password=1234]
1199;3853652199;[authentication username=1199 password=1234]
1200;3853652200;[authentication username=1200 password=1234]
1201;3853652201;[authentication username=1201 password=1234]
1202;3853652202;[authentication username=1202 password=1234]
1203;3853652203;[authentication username=1203 password=1234]
1204;3853652204;[authentication username=1204 password=1234]
1205;3853652205;[authentication username=1205 password=1234]
1206;3853652206;[authentication username=1206 password=1234]
1207;3853652207;[authentication username=1207 password=1234]
1208;3853652208;[authentication username=1208 password=1234]
1209;3853652209;[authentication username=1209 password=1234]
1210;3853652210;[authentication username=1210 password=1234]
1211;3853652211;[authentication username=1211 password=1234]
1212;3853652212;[authentication username=1212 password=1234]
1213;3853652213;[authentication username=1213 password=1234]
1214;3853652214;[authentication username=1214 password=1234]
1215;3853652215;[authentication username=1215 password=1234]
1216;3853652216;[authentication username=1216 password=1234]
1217;3853652217;[authentication username=1217 password=1234]
1218;3853652218;[authentication username=1218 password=1234]
1219;3853652219;[authentication username=1219 password=1234]
1220;3853652220;[authentication username=1220 password=1234]
1221;3853652221;[authentication username=1221 password=1234]
1222;3853652222;[authentication username=1222 password=1234]
1223;3853652223;[authentication username=1223 password=1234]
1224;3853652224;[authentication username=1224 password=1234]
1225;3853652225;[authentication username=1225 password=1234]
1226;3853652226;[authentication username=1226 password=1234]
1227;3853652227;[authentication username=1227 password=1234]
1228;3853652228;[authentication username=1228 password=1234]
1229;3853652229;[authentication username=1229 password=1234]
1230;3853652230;[authentication username=1230 password=1234]
1231;3853652231;[authentication username=1231 password=1234]
1232;3853652232;[authentication username=1232 password=1234]
1233;3853652233;[authentication username=1233 password=1234]
1234;3853652234;[authentication username=1234 password=1234]
1235;3853652235;[authentication username=1235 password=1234]
1236;3853652236;[authentication username=1236 password=1234]
1237;3853652237;[authentication username=1237 password=1234]
1238;3853652238;[authentication username=1238 password=1234]
1239;3853652239;[authentication username=1239 password=1234]
1240;3853652240;[authentication username=1240 password=1234]
1241;3853652241;[authentication username=1241 password=1234]
1242;3853652242;[authentication username=1242 password=1234]
1243;3853652243;[authentication username=1243 password=1234]
1244;3853652244;[authentication username=1244 password=1234]
1245;3853652245;[authentication username=1245 password=1234]
1246;3853652246;[authentication username=1246 password=1234]
1247;3853652247;[authentication username=1247 password=1234]
1248;3853652248;[authentication username=1248 password=1234]
1249;3853652249;[authentication username=1249 password=1234]
1250;3853652250;[authentication username=1250 password=1234]
1251;3853652251;[authentication username=1251 password=1234]
1252;3853652252;[authentication username=1252 password=1234]
1253;3853652253;[authentication username=1253 password=1234]
1254;3853652254;[authentication username=1254 password=1234]
1255;3853652255;[authentication username=1255 password=1234]
1256;3853652256;[authentication username=1256 password=1234]
1257;3853652257;[authentication username=1257 password=1234]
1258;3853652258;[authentication username=1258 password=1234]
1259;3853652259;[authentication username=1259 password=1234]
1260;3853652260;[authentication username=1260 password=1234]
1261;3853652261;[authentication username=1261 password=1234]
1262;3853652262;[authentication username=1262 password=1234]
1263;3853652263;[authentication username=1263 password=1234]
1264;3853652264;[authentication username=1264 password=1234]
1265;3853652265;[authentication username=1265 password=1234]
1266;3853652266;[authentication username=1266 password=1234]
1267;3853652267;[authentication username=1267 password=1234]
1268;3853652268;[authentication username=1268 password=1234]
1269;3853652269;[authentication username=1269 password=1234]
1270;3853652270;[authentication username=1270 password=1234]
1271;3853652271;[authentication username=1271 password=1234]
1272;3853652272;[authentication username=1272 password=1234]
1273;3853652273;[authentication username=1273 password=1234]
1274;3853652274;[authentication username=1274 password=1234]
1275;3853652275;[authentication username=1275 password=1234]
1276;3853652276;[authentication username=1276 password=1234]
1277;3853652277;[authentication username=1277 password=1234]
1278;3853652278;[authentication username=1278 password=1234]
1279;3853652279;[authentication username=1279 password=1234]
1280;3853652280;[authentication username=1280 password=1234]
1281;3853652281;[authentication username=1281 password=1234]
1282;3853652282;[authentication username=1282 password=1234]
1283;3853652283;[authentication username=1283 password=1234]
1284;3853652284;[authentication username=1284 password=1234]
1285;3853652285;[authentication username=1285 password=1234]
1286;3853652286;[authentication username=1286 password=1234]
1287;3853652287;[authentication username=1287 password=1234]
1288;3853652288;[authentication username=1288 password=1234]
1289;3853652289;[authentication username=1289 password=1234]
1290;3853652290;[authentication username=1290 password=1234]
1291;3853652291;[authentication username=1291 password=1234]
1292;3853652292;[authentication username=1292 password=1234]
1293;3853652293;[authentication username=1293 password=1234]
1294;3853652294;[authentication username=1294 password=1234]
1295;3853652295;[authentication username=1295 password=1234]
1296;3853652296;[authentication username=1296 password=1234]
1297;3853652297;[authentication username=1297 password=1234]
1298;3853652298;[authentication username=1298 password=1234]
1299;3853652299;[authentication username=1299 password=1234]
1300;3853652300;[authentication username=1300 password=1234]
1301;3853652301;[authentication username=1301 password=1234]
1302;3853652302;[authentication username=1302 password=1234]
1303;3853652303;[authentication username=1303 password=1234]
1304;3853652304;[authentication username=1304 password=1234]
1305;3853652305;[authentication username=1305 password=1234]
1306;3853652306;[authentication username=1306 password=1234]
1307;3853652307;[authentication username=1307 password=1234]
1308;3853652308;[authentication username=1308 password=1234]
1309;3853652309;[authentication username=1309 password=1234]
1310;3853652310;[authentication username=1310 password=1234]
1311;3853652311;[authentication username=1311 password=1234]
1312;3853652312;[authentication username=1312 password=1234]
1313;3853652313;[authentication username=1313 password=1234]
1314;3853652314;[authentication username=1314 password=1234]
1315;3853652315;[authentication username=1315 password=1234]
1316;3853652316;[authentication username=1316 password=1234]
1317;3853652317;[authentication username=1317 password=1234]
1318;3853652318;[authentication username=1318 password=1234]
1319;3853652319;[authentication username=1319 password=1234]
1320;3853652320;[authentication username=1320 password=1234]
1321;3853652321;[authentication username=1321 password=1234]
1322;3853652322;[authentication username=1322 password=1234]
1323;3853652323;[authentication username=1323 password=1234]
1324;3853652324;[authentication username=1324 password=1234]
1325;3853652325;[authentication username=1325 password=1234]
1326;3853652326;[authentication username=1326 password=1234]
1327;3853652327;[authentication username=1327 password=1234]
1328;3853652328;[authentication username=1328 password=1234]
1329;3853652329;[authentication username=1329 password=1234]
1330;3853652330;[authentication username=1330 password=1234]
1331;3853652331;[authentication username=1331 password=1234]
1332;3853652332;[authentication username=1332 password=1234]
1333;3853652333;[authentication username=1333 password=1234]
1334;3853652334;[authentication username=1334 password=1234]
1335;3853652335;[authentication username=1335 password=1234]
1336;3853652336;[authentication username=1336 password=1234]
1337;3853652337;[authentication username=1337 password=1234]
1338;3853652338;[authentication username=1338 password=1234]
1339;3853652339;[authentication username=1339 password=1234]
1340;3853652340;[authentication username=1340 password=1234]
1341;3853652341;[authentication username=1341 password=1234]
1342;3853652342;[authentication username=1342 password=1234]
1343;3853652343;[authentication username=1343 password=1234]
1344;3853652344;[authentication username=1344 password=1234]
1345;3853652345;[authentication username=1345 password=1234]
1346;3853652346;[authentication username=1346 password=1234]
1347;3853652347;[authentication username=1347 password=1234]
1348;3853652348;[authentication username=1348 password=1234]
1349;3853652349;[authentication username=1349 password=1234]
1350;3853652350;[authentication username=1350 password=1234]
1351;3853652351;[authentication username=1351 password=1234]
1352;3853652352;[authentication username=1352 password=1234]
1353;3853652353;[authentication username=1353 password=1234]
1354;3853652354;[authentication username=1354 password=1234]
1355;3853652355;[authentication username=1355 password=1234]
1356;3853652356;[authentication username=1356 password=1234]
1357;3853652357;[authentication username=1357 password=1234]
1358;3853652358;[authentication username=1358 password=1234]
1359;3853652359;[authentication username=1359 password=1234]
1360;3853652360;[authentication username=1360 password=1234]
1361;3853652361;[authentication username=1361 password=1234]
1362;3853652362;[authentication username=1362 password=1234]
1363;3853652363;[authentication username=1363 password=1234]
1364;3853652364;[authentication username=1364 password=1234]
1365;3853652365;[authentication username=1365 password=1234]
1366;3853652366;[authentication username=1366 password=1234]
1367;3853652367;[authentication username=1367 password=1234]
1368;3853652368;[authentication username=1368 password=1234]
1369;3853652369;[authentication username=1369 password=1234]
1370;3853652370;[authentication username=1370 password=1234]
1371;3853652371;[authentication username=1371 password=1234]
1372;3853652372;[authentication username=1372 password=1234]
1373;3853652373;[authentication username=1373 password=1234]
1374;3853652374;[authentication username=1374 password=1234]
1375;3853652375;[authentication username=1375 password=1234]
1376;3853652376;[authentication username=1376 password=1234]
1377;3853652377;[authentication username=1377 password=1234]
1378;3853652378;[authentication username=1378 password=1234]
1379;3853652379;[authentication username=1379 password=1234]
1380;3853652380;[authentication username=1380 password=1234]
1381;3853652381;[authentication username=1381 password=1234]
1382;3853652382;[authentication username=1382 password=1234]
1383;3853652383;[authentication username=1383 password=1234]
1384;3853652384;[authentication username=1384 password=1234]
1385;3853652385;[authentication username=1385 password=1234]
1386;3853652386;[authentication username=1386 password=1234]
1387;3853652387;[authentication username=1387 password=1234]
1388;3853652388;[authentication username=1388 password=1234]
1389;3853652389;[authentication username=1389 password=1234]
1390;3853652390;[authentication username=1390 password=1234]
1391;3853652391;[authentication username=1391 password=1234]
1392;3853652392;[authentication username=1392 password=1234]
1393;3853652393;[authentication username=1393 password=1234]
1394;3853652394;[authentication username=1394 password=1234]
1395;3853652395;[authentication username=1395 password=1234]
1396;3853652396;[authentication username=1396 password=1234]
1397;3853652397;[authentication username=1397 password=1234]
1398;3853652398;[authentication username=1398 password=1234]
1399;3853652399;[authentication username=1399 password=1234]
1400;3853652400;[authentication username=1400 password=1234]
1401;3853652401;[authentication username=1401 password=1234]
1402;3853652402;[authentication username=1402 password=1234]
1403;3853652403;[authentication username=1403 password=1234]
1404;3853652404;[authentication username=1404 password=1234]
1405;3853652405;[authentication username=1405 password=1234]
1406;3853652406;[authentication username=1406 password=1234]
1407;3853652407;[authentication username=1407 password=1234]
1408;3853652408;[authentication username=1408 password=1234]
1409;3853652409;[authentication username=1409 password=1234]
1410;3853652410;[authentication username=1410 password=1234]
1411;3853652411;[authentication username=1411 password=1234]
1412;3853652412;[authentication username=1412 password=1234]
1413;3853652413;[authentication username=1413 password=1234]
1414;3853652414;[authentication username=1414 password=1234]
1415;3853652415;[authentication username=1415 password=1234]
1416;3853652416;[authentication username=1416 password=1234]
1417;3853652417;[authentication username=1417 password=1234]
1418;3853652418;[authentication username=1418 password=1234]
1419;3853652419;[authentication username=1419 password=1234]
1420;3853652420;[authentication username=1420 password=1234]
1421;3853652421;[authentication username=1421 password=1234]
1422;3853652422;[authentication username=1422 password=1234]
1423;3853652423;[authentication username=1423 password=1234]
1424;3853652424;[authentication username=1424 password=1234]
1425;3853652425;[authentication username=1425 password=1234]
1426;3853652426;[authentication username=1426 password=1234]
1427;3853652427;[authentication username=1427 password=1234]
1428;3853652428;[authentication username=1428 password=1234]
1429;3853652429;[authentication username=1429 password=1234]
1430;3853652430;[authentication username=1430 password=1234]
1431;3853652431;[authentication username=1431 password=1234]
1432;3853652432;[authentication username=1432 password=1234]
1433;3853652433;[authentication username=1433 password=1234]
1434;3853652434;[authentication username=1434 password=1234]
1435;3853652435;[authentication username=1435 password=1234]
1436;3853652436;[authentication username=1436 password=1234]
1437;3853652437;[authentication username=1437 password=1234]
1438;3853652438;[authentication username=1438 password=1234]
1439;3853652439;[authentication username=1439 password=1234]
1440;3853652440;[authentication username=1440 password=1234]
1441;3853652441;[authentication username=1441 password=1234]
1442;3853652442;[authentication username=1442 password=1234]
1443;3853652443;[authentication username=1443 password=1234]
1444;3853652444;[authentication username=1444 password=1234]
1445;3853652445;[authentication username=1445 password=1234]
1446;3853652446;[authentication username=1446 password=1234]
1447;3853652447;[authentication username=1447 password=1234]
1448;3853652448;[authentication username=1448 password=1234]
1449;3853652449;[authentication username=1449 password=1234]
1450;3853652450;[authentication username=1450 password=1234]
1451;3853652451;[authentication username=1451 password=1234]
1452;3853652452;[authentication username=1452 password=1234]
1453;3853652453;[authentication username=1453 password=1234]
1454;3853652454;[authentication username=1454 password=1234]
1455;3853652455;[authentication username=1455 password=1234]
1456;3853652456;[authentication username=1456 password=1234]
1457;3853652457;[authentication username=1457 password=1234]
1458;3853652458;[authentication username=1458 password=1234]
1459;3853652459;[authentication username=1459 password=1234]
1460;3853652460;[authentication username=1460 password=1234]
1461;3853652461;[authentication username=1461 password=1234]
1462;3853652462;[authentication username=1462 password=1234]
1463;3853652463;[authentication username=1463 password=1234]
1464;3853652464;[authentication username=1464 password=1234]
1465;3853652465;[authentication username=1465 password=1234]
1466;3853652466;[authentication username=1466 password=1234]
1467;3853652467;[authentication username=1467 password=1234]
1468;3853652468;[authentication username=1468 password=1234]
1469;3853652469;[authentication username=1469 password=1234]
1470;3853652470;[authentication username=1470 password=1234]
1471;3853652471;[authentication username=1471 password=1234]
1472;3853652472;[authentication username=1472 password=1234]
1473;3853652473;[authentication username=1473 password=1234]
1474;3853652474;[authentication username=1474 password=1234]
1475;3853652475;[authentication username=1475 password=1234]
1476;3853652476;[authentication username=1476 password=1234]
1477;3853652477;[authentication username=1477 password=1234]
1478;3853652478;[authentication username=1478 password=1234]
1479;3853652479;[authentication username=1479 password=1234]
1480;3853652480;[authentication username=1480 password=1234]
1481;3853652481;[authentication username=1481 password=1234]
1482;3853652482;[authentication username=1482 password=1234]
1483;3853652483;[authentication username=1483 password=1234]
1484;3853652484;[authentication username=1484 password=1234]
1485;3853652485;[authentication username=1485 password=1234]
1486;3853652486;[authentication username=1486 password=1234]
1487;3853652487;[authentication username=1487 password=1234]
1488;3853652488;[authentication username=1488 password=1234]
1489;3853652489;[authentication username=1489 password=1234]
1490;3853652490;[authentication username=1490 password=1234]
1491;3853652491;[authentication username=1491 password=1234]
1492;3853652492;[authentication username=1492 password=1234]
1493;3853652493;[authentication username=1493 password=1234]
1494;3853652494;[authentication username=1494 password=1234]
1495;3853652495;[authentication username=1495 password=1234]
1496;3853652496;[authentication username=1496 password=1234]
1497;3853652497;[authentication username=1497 password=1234]
1498;3853652498;[authentication username=1498 password=1234]
1499;3853652499;[authentication username=1499 password=1234]
1500;3853652500;[authentication username=1500 password=1234]
1501;3853652501;[authentication username=1501 password=1234]
1502;3853652502;[authentication username=1502 password=1234]
1503;3853652503;[authentication username=1503 password=1234]
1504;3853652504;[authentication username=1504 password=1234]
1505;3853652505;[authentication username=1505 password=1234]
1506;3853652506;[authentication username=1506 password=1234]
1507;3853652507;[authentication username=1507 password=1234]
1508;3853652508;[authentication username=1508 password=1234]
1509;3853652509;[authentication username=1509 password=1234]
1510;3853652510;[authentication username=1510 password=1234]
1511;3853652511;[authentication username=1511 password=1234]
1512;3853652512;[authentication username=1512 password=1234]
1513;3853652513;[authentication username=1513 password=1234]
1514;3853652514;[authentication username=1514 password=1234]
1515;3853652515;[authentication username=1515 password=1234]
1516;3853652516;[authentication username=1516 password=1234]
1517;3853652517;[authentication username=1517 password=1234]
1518;3853652518;[authentication username=1518 password=1234]
1519;3853652519;[authentication username=1519 password=1234]
1520;3853652520;[authentication username=1520 password=1234]
1521;3853652521;[authentication username=1521 password=1234]
1522;3853652522;[authentication username=1522 password=1234]
1523;3853652523;[authentication username=1523 password=1234]
1524;3853652524;[authentication username=1524 password=1234]
1525;3853652525;[authentication username=1525 password=1234]
1526;3853652526;[authentication username=1526 password=1234]
1527;3853652527;[authentication username=1527 password=1234]
1528;3853652528;[authentication username=1528 password=1234]
1529;3853652529;[authentication username=1529 password=1234]
1530;3853652530;[authentication username=1530 password=1234]
1531;3853652531;[authentication username=1531 password=1234]
1532;3853652532;[authentication username=1532 password=1234]
1533;3853652533;[authentication username=1533 password=1234]
1534;3853652534;[authentication username=1534 password=1234]
1535;3853652535;[authentication username=1535 password=1234]
1536;3853652536;[authentication username=1536 password=1234]
1537;3853652537;[authentication username=1537 password=1234]
1538;3853652538;[authentication username=1538 password=1234]
1539;3853652539;[authentication username=1539 password=1234]
1540;3853652540;[authentication username=1540 password=1234]
1541;3853652541;[authentication username=1541 password=1234]
1542;3853652542;[authentication username=1542 password=1234]
1543;3853652543;[authentication username=1543 password=1234]
1544;3853652544;[authentication username=1544 password=1234]
1545;3853652545;[authentication username=1545 password=1234]
1546;3853652546;[authentication username=1546 password=1234]
1547;3853652547;[authentication username=1547 password=1234]
1548;3853652548;[authentication username=1548 password=1234]
1549;3853652549;[authentication username=1549 password=1234]
1550;3853652550;[authentication username=1550 password=1234]
1551;3853652551;[authentication username=1551 password=1234]
1552;3853652552;[authentication username=1552 password=1234]
1553;3853652553;[authentication username=1553 password=1234]
1554;3853652554;[authentication username=1554 password=1234]
1555;3853652555;[authentication username=1555 password=1234]
1556;3853652556;[authentication username=1556 password=1234]
1557;3853652557;[authentication username=1557 password=1234]
1558;3853652558;[authentication username=1558 password=1234]
1559;3853652559;[authentication username=1559 password=1234]
1560;3853652560;[authentication username=1560 password=1234]
1561;3853652561;[authentication username=1561 password=1234]
1562;3853652562;[authentication username=1562 password=1234]
1563;3853652563;[authentication username=1563 password=1234]
1564;3853652564;[authentication username=1564 password=1234]
1565;3853652565;[authentication username=1565 password=1234]
1566;3853652566;[authentication username=1566 password=1234]
1567;3853652567;[authentication username=1567 password=1234]
1568;3853652568;[authentication username=1568 password=1234]
1569;3853652569;[authentication username=1569 password=1234]
1570;3853652570;[authentication username=1570 password=1234]
1571;3853652571;[authentication username=1571 password=1234]
1572;3853652572;[authentication username=1572 password=1234]
1573;3853652573;[authentication username=1573 password=1234]
1574;3853652574;[authentication username=1574 password=1234]
1575;3853652575;[authentication username=1575 password=1234]
1576;3853652576;[authentication username=1576 password=1234]
1577;3853652577;[authentication username=1577 password=1234]
1578;3853652578;[authentication username=1578 password=1234]
1579;3853652579;[authentication username=1579 password=1234]
1580;3853652580;[authentication username=1580 password=1234]
1581;3853652581;[authentication username=1581 password=1234]
1582;3853652582;[authentication username=1582 password=1234]
1583;3853652583;[authentication username=1583 password=1234]
1584;3853652584;[authentication username=1584 password=1234]
1585;3853652585;[authentication username=1585 password=1234]
1586;3853652586;[authentication username=1586 password=1234]
1587;3853652587;[authentication username=1587 password=1234]
1588;3853652588;[authentication username=1588 password=1234]
1589;3853652589;[authentication username=1589 password=1234]
1590;3853652590;[authentication username=1590 password=1234]
1591;3853652591;[authentication username=1591 password=1234]
1592;3853652592;[authentication username=1592 password=1234]
1593;3853652593;[authentication username=1593 password=1234]
1594;3853652594;[authentication username=1594 password=1234]
1595;3853652595;[authentication username=1595 password=1234]
1596;3853652596;[authentication username=1596 password=1234]
1597;3853652597;[authentication username=1597 password=1234]
1598;3853652598;[authentication username=1598 password=1234]
1599;3853652599;[authentication username=1599 password=1234]
1600;3853652600;[authentication username=1600 password=1234]
1601;3853652601;[authentication username=1601 password=1234]
1602;3853652602;[authentication username=1602 password=1234]
1603;3853652603;[authentication username=1603 password=1234]
1604;3853652604;[authentication username=1604 password=1234]
1605;3853652605;[authentication username=1605 password=1234]
1606;3853652606;[authentication username=1606 password=1234]
1607;3853652607;[authentication username=1607 password=1234]
1608;3853652608;[authentication username=1608 password=1234]
1609;3853652609;[authentication username=1609 password=1234]
1610;3853652610;[authentication username=1610 password=1234]
1611;3853652611;[authentication username=1611 password=1234]
1612;3853652612;[authentication username=1612 password=1234]
1613;3853652613;[authentication username=1613 password=1234]
1614;3853652614;[authentication username=1614 password=1234]
1615;3853652615;[authentication username=1615 password=1234]
1616;3853652616;[authentication username=1616 password=1234]
1617;3853652617;[authentication username=1617 password=1234]
1618;3853652618;[authentication username=1618 password=1234]
1619;3853652619;[authentication username=1619 password=1234]
1620;3853652620;[authentication username=1620 password=1234]
1621;3853652621;[authentication username=1621 password=1234]
1622;3853652622;[authentication username=1622 password=1234]
1623;3853652623;[authentication username=1623 password=1234]
1624;3853652624;[authentication username=1624 password=1234]
1625;3853652625;[authentication username=1625 password=1234]
1626;3853652626;[authentication username=1626 password=1234]
1627;3853652627;[authentication username=1627 password=1234]
1628;3853652628;[authentication username=1628 password=1234]
1629;3853652629;[authentication username=1629 password=1234]
1630;3853652630;[authentication username=1630 password=1234]
1631;3853652631;[authentication username=1631 password=1234]
1632;3853652632;[authentication username=1632 password=1234]
1633;3853652633;[authentication username=1633 password=1234]
1634;3853652634;[authentication username=1634 password=1234]
1635;3853652635;[authentication username=1635 password=1234]
1636;3853652636;[authentication username=1636 password=1234]
1637;3853652637;[authentication username=1637 password=1234]
1638;3853652638;[authentication username=1638 password=1234]
1639;3853652639;[authentication username=1639 password=1234]
1640;3853652640;[authentication username=1640 password=1234]
1641;3853652641;[authentication username=1641 password=1234]
1642;3853652642;[authentication username=1642 password=1234]
1643;3853652643;[authentication username=1643 password=1234]
1644;3853652644;[authentication username=1644 password=1234]
1645;3853652645;[authentication username=1645 password=1234]
1646;3853652646;[authentication username=1646 password=1234]
1647;3853652647;[authentication username=1647 password=1234]
1648;3853652648;[authentication username=1648 password=1234]
1649;3853652649;[authentication username=1649 password=1234]
1650;3853652650;[authentication username=1650 password=1234]
1651;3853652651;[authentication username=1651 password=1234]
1652;3853652652;[authentication username=1652 password=1234]
1653;3853652653;[authentication username=1653 password=1234]
1654;3853652654;[authentication username=1654 password=1234]
1655;3853652655;[authentication username=1655 password=1234]
1656;3853652656;[authentication username=1656 password=1234]
1657;3853652657;[authentication username=1657 password=1234]
1658;3853652658;[authentication username=1658 password=1234]
1659;3853652659;[authentication username=1659 password=1234]
1660;3853652660;[authentication username=1660 password=1234]
1661;3853652661;[authentication username=1661 password=1234]
1662;3853652662;[authentication username=1662 password=1234]
1663;3853652663;[authentication username=1663 password=1234]
1664;3853652664;[authentication username=1664 password=1234]
1665;3853652665;[authentication username=1665 password=1234]
1666;3853652666;[authentication username=1666 password=1234]
1667;3853652667;[authentication username=1667 password=1234]
1668;3853652668;[authentication username=1668 password=1234]
1669;3853652669;[authentication username=1669 password=1234]
1670;3853652670;[authentication username=1670 password=1234]
1671;3853652671;[authentication username=1671 password=1234]
1672;3853652672;[authentication username=1672 password=1234]
1673;3853652673;[authentication username=1673 password=1234]
1674;3853652674;[authentication username=1674 password=1234]
1675;3853652675;[authentication username=1675 password=1234]
1676;3853652676;[authentication username=1676 password=1234]
1677;3853652677;[authentication username=1677 password=1234]
1678;3853652678;[authentication username=1678 password=1234]
1679;3853652679;[authentication username=1679 password=1234]
1680;3853652680;[authentication username=1680 password=1234]
1681;3853652681;[authentication username=1681 password=1234]
1682;3853652682;[authentication username=1682 password=1234]
1683;3853652683;[authentication username=1683 password=1234]
1684;3853652684;[authentication username=1684 password=1234]
1685;3853652685;[authentication username=1685 password=1234]
1686;3853652686;[authentication username=1686 password=1234]
1687;3853652687;[authentication username=1687 password=1234]
1688;3853652688;[authentication username=1688 password=1234]
1689;3853652689;[authentication username=1689 password=1234]
1690;3853652690;[authentication username=1690 password=1234]
1691;3853652691;[authentication username=1691 password=1234]
1692;3853652692;[authentication username=1692 password=1234]
1693;3853652693;[authentication username=1693 password=1234]
1694;3853652694;[authentication username=1694 password=1234]
1695;3853652695;[authentication username=1695 password=1234]
1696;3853652696;[authentication username=1696 password=1234]
1697;3853652697;[authentication username=1697 password=1234]
1698;3853652698;[authentication username=1698 password=1234]
1699;3853652699;[authentication username=1699 password=1234]
1700;3853652700;[authentication username=1700 password=1234]
1701;3853652701;[authentication username=1701 password=1234]
1702;3853652702;[authentication username=1702 password=1234]
1703;3853652703;[authentication username=1703 password=1234]
1704;3853652704;[authentication username=1704 password=1234]
1705;3853652705;[authentication username=1705 password=1234]
1706;3853652706;[authentication username=1706 password=1234]
1707;3853652707;[authentication username=1707 password=1234]
1708;3853652708;[authentication username=1708 password=1234]
1709;3853652709;[authentication username=1709 password=1234]
1710;3853652710;[authentication username=1710 password=1234]
1711;3853652711;[authentication username=1711 password=1234]
1712;3853652712;[authentication username=1712 password=1234]
1713;3853652713;[authentication username=1713 password=1234]
1714;3853652714;[authentication username=1714 password=1234]
1715;3853652715;[authentication username=1715 password=1234]
1716;3853652716;[authentication username=1716 password=1234]
1717;3853652717;[authentication username=1717 password=1234]
1718;3853652718;[authentication username=1718 password=1234]
1719;3853652719;[authentication username=1719 password=1234]
1720;3853652720;[authentication username=1720 password=1234]
1721;3853652721;[authentication username=1721 password=1234]
1722;3853652722;[authentication username=1722 password=1234]
1723;3853652723;[authentication username=1723 password=1234]
1724;3853652724;[authentication username=1724 password=1234]
1725;3853652725;[authentication username=1725 password=1234]
1726;3853652726;[authentication username=1726 password=1234]
1727;3853652727;[authentication username=1727 password=1234]
1728;3853652728;[authentication username=1728 password=1234]
1729;3853652729;[authentication username=1729 password=1234]
1730;3853652730;[authentication username=1730 password=1234]
1731;3853652731;[authentication username=1731 password=1234]
1732;3853652732;[authentication username=1732 password=1234]
1733;3853652733;[authentication username=1733 password=1234]
1734;3853652734;[authentication username=1734 password=1234]
1735;3853652735;[authentication username=1735 password=1234]
1736;3853652736;[authentication username=1736 password=1234]
1737;3853652737;[authentication username=1737 password=1234]
1738;3853652738;[authentication username=1738 password=1234]
1739;3853652739;[authentication username=1739 password=1234]
1740;3853652740;[authentication username=1740 password=1234]
1741;3853652741;[authentication username=1741 password=1234]
1742;3853652742;[authentication username=1742 password=1234]
1743;3853652743;[authentication username=1743 password=1234]
1744;3853652744;[authentication username=1744 password=1234]
1745;3853652745;[authentication username=1745 password=1234]
1746;3853652746;[authentication username=1746 password=1234]
1747;3853652747;[authentication username=1747 password=1234]
1748;3853652748;[authentication username=1748 password=1234]
1749;3853652749;[authentication username=1749 password=1234]
1750;3853652750;[authentication username=1750 password=1234]
1751;3853652751;[authentication username=1751 password=1234]
1752;3853652752;[authentication username=1752 password=1234]
1753;3853652753;[authentication username=1753 password=1234]
1754;3853652754;[authentication username=1754 password=1234]
1755;3853652755;[authentication username=1755 password=1234]
1756;3853652756;[authentication username=1756 password=1234]
1757;3853652757;[authentication username=1757 password=1234]
1758;3853652758;[authentication username=1758 password=1234]
1759;3853652759;[authentication username=1759 password=1234]
1760;3853652760;[authentication username=1760 password=1234]
1761;3853652761;[authentication username=1761 password=1234]
1762;3853652762;[authentication username=1762 password=1234]
1763;3853652763;[authentication username=1763 password=1234]
1764;3853652764;[authentication username=1764 password=1234]
1765;3853652765;[authentication username=1765 password=1234]
1766;3853652766;[authentication username=1766 password=1234]
1767;3853652767;[authentication username=1767 password=1234]
1768;3853652768;[authentication username=1768 password=1234]
1769;3853652769;[authentication username=1769 password=1234]
1770;3853652770;[authentication username=1770 password=1234]
1771;3853652771;[authentication username=1771 password=1234]
1772;3853652772;[authentication username=1772 password=1234]
1773;3853652773;[authentication username=1773 password=1234]
1774;3853652774;[authentication username=1774 password=1234]
1775;3853652775;[authentication username=1775 password=1234]
1776;3853652776;[authentication username=1776 password=1234]
1777;3853652777;[authentication username=1777 password=1234]
1778;3853652778;[authentication username=1778 password=1234]
1779;3853652779;[authentication username=1779 password=1234]
1780;3853652780;[authentication username=1780 password=1234]
1781;3853652781;[authentication username=1781 password=1234]
1782;3853652782;[authentication username=1782 password=1234]
1783;3853652783;[authentication username=1783 password=1234]
1784;3853652784;[authentication username=1784 password=1234]
1785;3853652785;[authentication username=1785 password=1234]
1786;3853652786;[authentication username=1786 password=1234]
1787;3853652787;[authentication username=1787 password=1234]
1788;3853652788;[authentication username=1788 password=1234]
1789;3853652789;[authentication username=1789 password=1234]
1790;3853652790;[authentication username=1790 password=1234]
1791;3853652791;[authentication username=1791 password=1234]
1792;3853652792;[authentication username=1792 password=1234]
1793;3853652793;[authentication username=1793 password=1234]
1794;3853652794;[authentication username=1794 password=1234]
1795;3853652795;[authentication username=1795 password=1234]
1796;3853652796;[authentication username=1796 password=1234]
1797;3853652797;[authentication username=1797 password=1234]
1798;3853652798;[authentication username=1798 password=1234]
1799;3853652799;[authentication username=1799 password=1234]
1800;3853652800;[authentication username=1800 password=1234]
1801;3853652801;[authentication username=1801 password=1234]
1802;3853652802;[authentication username=1802 password=1234]
1803;3853652803;[authentication username=1803 password=1234]
1804;3853652804;[authentication username=1804 password=1234]
1805;3853652805;[authentication username=1805 password=1234]
1806;3853652806;[authentication username=1806 password=1234]
1807;3853652807;[authentication username=1807 password=1234]
1808;3853652808;[authentication username=1808 password=1234]
1809;3853652809;[authentication username=1809 password=1234]
1810;3853652810;[authentication username=1810 password=1234]
1811;3853652811;[authentication username=1811 password=1234]
1812;3853652812;[authentication username=1812 password=1234]
1813;3853652813;[authentication username=1813 password=1234]
1814;3853652814;[authentication username=1814 password=1234]
1815;3853652815;[authentication username=1815 password=1234]
1816;3853652816;[authentication username=1816 password=1234]
1817;3853652817;[authentication username=1817 password=1234]
1818;3853652818;[authentication username=1818 password=1234]
1819;3853652819;[authentication username=1819 password=1234]
1820;3853652820;[authentication username=1820 password=1234]
1821;3853652821;[authentication username=1821 password=1234]
1822;3853652822;[authentication username=1822 password=1234]
1823;3853652823;[authentication username=1823 password=1234]
1824;3853652824;[authentication username=1824 password=1234]
1825;3853652825;[authentication username=1825 password=1234]
1826;3853652826;[authentication username=1826 password=1234]
1827;3853652827;[authentication username=1827 password=1234]
1828;3853652828;[authentication username=1828 password=1234]
1829;3853652829;[authentication username=1829 password=1234]
1830;3853652830;[authentication username=1830 password=1234]
1831;3853652831;[authentication username=1831 password=1234]
1832;3853652832;[authentication username=1832 password=1234]
1833;3853652833;[authentication username=1833 password=1234]
1834;3853652834;[authentication username=1834 password=1234]
1835;3853652835;[authentication username=1835 password=1234]
1836;3853652836;[authentication username=1836 password=1234]
1837;3853652837;[authentication username=1837 password=1234]
1838;3853652838;[authentication username=1838 password=1234]
1839;3853652839;[authentication username=1839 password=1234]
1840;3853652840;[authentication username=1840 password=1234]
1841;3853652841;[authentication username=1841 password=1234]
1842;3853652842;[authentication username=1842 password=1234]
1843;3853652843;[authentication username=1843 password=1234]
1844;3853652844;[authentication username=1844 password=1234]
1845;3853652845;[authentication username=1845 password=1234]
1846;3853652846;[authentication username=1846 password=1234]
1847;3853652847;[authentication username=1847 password=1234]
1848;3853652848;[authentication username=1848 password=1234]
1849;3853652849;[authentication username=1849 password=1234]
1850;3853652850;[authentication username=1850 password=1234]
1851;3853652851;[authentication username=1851 password=1234]
1852;3853652852;[authentication username=1852 password=1234]
1853;3853652853;[authentication username=1853 password=1234]
1854;3853652854;[authentication username=1854 password=1234]
1855;3853652855;[authentication username=1855 password=1234]
1856;3853652856;[authentication username=1856 password=1234]
1857;3853652857;[authentication username=1857 password=1234]
1858;3853652858;[authentication username=1858 password=1234]
1859;3853652859;[authentication username=1859 password=1234]
1860;3853652860;[authentication username=1860 password=1234]
1861;3853652861;[authentication username=1861 password=1234]
1862;3853652862;[authentication username=1862 password=1234]
1863;3853652863;[authentication username=1863 password=1234]
1864;3853652864;[authentication username=1864 password=1234]
1865;3853652865;[authentication username=1865 password=1234]
1866;3853652866;[authentication username=1866 password=1234]
1867;3853652867;[authentication username=1867 password=1234]
1868;3853652868;[authentication username=1868 password=1234]
1869;3853652869;[authentication username=1869 password=1234]
1870;3853652870;[authentication username=1870 password=1234]
1871;3853652871;[authentication username=1871 password=1234]
1872;3853652872;[authentication username=1872 password=1234]
1873;3853652873;[authentication username=1873 password=1234]
1874;3853652874;[authentication username=1874 password=1234]
1875;3853652875;[authentication username=1875 password=1234]
1876;3853652876;[authentication username=1876 password=1234]
1877;3853652877;[authentication username=1877 password=1234]
1878;3853652878;[authentication username=1878 password=1234]
1879;3853652879;[authentication username=1879 password=1234]
1880;3853652880;[authentication username=1880 password=1234]
1881;3853652881;[authentication username=1881 password=1234]
1882;3853652882;[authentication username=1882 password=1234]
1883;3853652883;[authentication username=1883 password=1234]
1884;3853652884;[authentication username=1884 password=1234]
1885;3853652885;[authentication username=1885 password=1234]
1886;3853652886;[authentication username=1886 password=1234]
1887;3853652887;[authentication username=1887 password=1234]
1888;3853652888;[authentication username=1888 password=1234]
1889;3853652889;[authentication username=1889 password=1234]
1890;3853652890;[authentication username=1890 password=1234]
1891;3853652891;[authentication username=1891 password=1234]
1892;3853652892;[authentication username=1892 password=1234]
1893;3853652893;[authentication username=1893 password=1234]
1894;3853652894;[authentication username=1894 password=1234]
1895;3853652895;[authentication username=1895 password=1234]
1896;3853652896;[authentication username=1896 password=1234]
1897;3853652897;[authentication username=1897 password=1234]
1898;3853652898;[authentication username=1898 password=1234]
1899;3853652899;[authentication username=1899 password=1234]
1900;3853652900;[authentication username=1900 password=1234]
1901;3853652901;[authentication username=1901 password=1234]
1902;3853652902;[authentication username=1902 password=1234]
1903;3853652903;[authentication username=1903 password=1234]
1904;3853652904;[authentication username=1904 password=1234]
1905;3853652905;[authentication username=1905 password=1234]
1906;3853652906;[authentication username=1906 password=1234]
1907;3853652907;[authentication username=1907 password=1234]
1908;3853652908;[authentication username=1908 password=1234]
1909;3853652909;[authentication username=1909 password=1234]
1910;3853652910;[authentication username=1910 password=1234]
1911;3853652911;[authentication username=1911 password=1234]
1912;3853652912;[authentication username=1912 password=1234]
1913;3853652913;[authentication username=1913 password=1234]
1914;3853652914;[authentication username=1914 password=1234]
1915;3853652915;[authentication username=1915 password=1234]
1916;3853652916;[authentication username=1916 password=1234]
1917;3853652917;[authentication username=1917 password=1234]
1918;3853652918;[authentication username=1918 password=1234]
1919;3853652919;[authentication username=1919 password=1234]
1920;3853652920;[authentication username=1920 password=1234]
1921;3853652921;[authentication username=1921 password=1234]
1922;3853652922;[authentication username=1922 password=1234]
1923;3853652923;[authentication username=1923 password=1234]
1924;3853652924;[authentication username=1924 password=1234]
1925;3853652925;[authentication username=1925 password=1234]
1926;3853652926;[authentication username=1926 password=1234]
1927;3853652927;[authentication username=1927 password=1234]
1928;3853652928;[authentication username=1928 password=1234]
1929;3853652929;[authentication username=1929 password=1234]
1930;3853652930;[authentication username=1930 password=1234]
1931;3853652931;[authentication username=1931 password=1234]
1932;3853652932;[authentication username=1932 password=1234]
1933;3853652933;[authentication username=1933 password=1234]
1934;3853652934;[authentication username=1934 password=1234]
1935;3853652935;[authentication username=1935 password=1234]
1936;3853652936;[authentication username=1936 password=1234]
1937;3853652937;[authentication username=1937 password=1234]
1938;3853652938;[authentication username=1938 password=1234]
1939;3853652939;[authentication username=1939 password=1234]
1940;3853652940;[authentication username=1940 password=1234]
1941;3853652941;[authentication username=1941 password=1234]
1942;3853652942;[authentication username=1942 password=1234]
1943;3853652943;[authentication username=1943 password=1234]
1944;3853652944;[authentication username=1944 password=1234]
1945;3853652945;[authentication username=1945 password=1234]
1946;3853652946;[authentication username=1946 password=1234]
1947;3853652947;[authentication username=1947 password=1234]
1948;3853652948;[authentication username=1948 password=1234]
1949;3853652949;[authentication username=1949 password=1234]
1950;3853652950;[authentication username=1950 password=1234]
1951;3853652951;[authentication username=1951 password=1234]
1952;3853652952;[authentication username=1952 password=1234]
1953;3853652953;[authentication username=1953 password=1234]
1954;3853652954;[authentication username=1954 password=1234]
1955;3853652955;[authentication username=1955 password=1234]
1956;3853652956;[authentication username=1956 password=1234]
1957;3853652957;[authentication username=1957 password=1234]
1958;3853652958;[authentication username=1958 password=1234]
1959;3853652959;[authentication username=1959 password=1234]
1960;3853652960;[authentication username=1960 password=1234]
1961;3853652961;[authentication username=1961 password=1234]
1962;3853652962;[authentication username=1962 password=1234]
1963;3853652963;[authentication username=1963 password=1234]
1964;3853652964;[authentication username=1964 password=1234]
1965;3853652965;[authentication username=1965 password=1234]
1966;3853652966;[authentication username=1966 password=1234]
1967;3853652967;[authentication username=1967 password=1234]
1968;3853652968;[authentication username=1968 password=1234]
1969;3853652969;[authentication username=1969 password=1234]
1970;3853652970;[authentication username=1970 password=1234]
1971;3853652971;[authentication username=1971 password=1234]
1972;3853652972;[authentication username=1972 password=1234]
1973;3853652973;[authentication username=1973 password=1234]
1974;3853652974;[authentication username=1974 password=1234]
1975;3853652975;[authentication username=1975 password=1234]
1976;3853652976;[authentication username=1976 password=1234]
1977;3853652977;[authentication username=1977 password=1234]
1978;3853652978;[authentication username=1978 password=1234]
1979;3853652979;[authentication username=1979 password=1234]
1980;3853652980;[authentication username=1980 password=1234]
1981;3853652981;[authentication username=1981 password=1234]
1982;3853652982;[authentication username=1982 password=1234]
1983;3853652983;[authentication username=1983 password=1234]
1984;3853652984;[authentication username=1984 password=1234]
1985;3853652985;[authentication username=1985 password=1234]
1986;3853652986;[authentication username=1986 password=1234]
1987;3853652987;[authentication username=1987 password=1234]
1988;3853652988;[authentication username=1988 password=1234]
1989;3853652989;[authentication username=1989 password=1234]
1990;3853652990;[authentication username=1990 password=1234]
1991;3853652991;[authentication username=1991 password=1234]
1992;3853652992;[authentication username=1992 password=1234]
1993;3853652993;[authentication username=1993 password=1234]
1994;3853652994;[authentication username=1994 password=1234]
1995;3853652995;[authentication username=1995 password=1234]
1996;3853652996;[authentication username=1996 password=1234]
1997;3853652997;[authentication username=1997 password=1234]
1998;3853652998;[authentication username=1998 password=1234]
1999;3853652999;[authentication username=1999 password=1234]
