<?xml version="1.0" encoding="ISO-8859-1" ?>
<!DOCTYPE scenario SYSTEM "sipp.dtd">

<scenario name="Basic Sipstone UAC">

  <send retrans="500">
     <![CDATA[
       REGISTER sip:[remote_ip] SIP/2.0
       Via: SIP/2.0/[transport] [local_ip]:[local_port];branch=[branch]
       From: [field0] <sip:[field0]@[remote_ip]:[remote_port]>;tag=[call_number]
       To: [field0] <sip:[field0]@[remote_ip]:[remote_port]>
       Call-ID: [call_id]
       CSeq: 1 REGISTER
       Contact: sip:[field0]@[local_ip]:[local_port]
       Content-Length: 0
       Expires: 3600
     ]]>
  </send>
  <recv response="401" auth="true" next="1"></recv>

  <label id="1"/>
  <send retrans="500">
     <![CDATA[
    REGISTER sip:[field0]@[remote_ip]:[remote_port] SIP/2.0
    Via: SIP/2.0/[transport] [local_ip]:[local_port]
    From: [field0] <sip:[field0]@[remote_ip]:[remote_port]>;tag=[call_number]
    To: [field0] <sip:[field0]@[remote_ip]:[remote_port]>
    Call-ID: [call_id]
    CSeq: 2 REGISTER
    Contact: sip:[field0]@[local_ip]:[local_port]
    [field2]
    Content-Length: 0
    Expires: 3600
     ]]>
  </send> 

  <recv response="200" next="2">
  </recv>
   
  <!-- invite(1) -->
   <label id="2"/> 
  <send retrans="500">
    <![CDATA[

      INVITE sip:[field1]@[remote_ip] SIP/2.0
      Via: SIP/2.0/[transport] [local_ip]:[local_port];branch=[branch]
      From: [field0] <sip:[field0]@[remote_ip]:[remote_port]>;tag=[call_number]
      To: [field1] <sip:[field1]@[remote_ip]:[remote_port]>
      Call-ID: [call_id]
      CSeq: 1 INVITE
      Contact: sip:[field0]@[remote_ip]:[remote_port]
      Max-Forwards: 70
      Subject: Performance Test
      Content-Type: application/sdp
      Content-Length: [len]

      v=0
      o=user1 53655765 2353687637 IN IP[local_ip_type] [local_ip]
      s=-
      c=IN IP[media_ip_type] [media_ip]
      t=0 0
      m=audio [media_port] RTP/AVP 0
      a=rtpmap:0 PCMU/8000

    ]]>
  </send>

  
  <recv response="100" optional="true"></recv>  
  <recv response="407" auth="true" next="3"></recv>
  
  <!-- ack(1) -->
  <label id="3"/>
  <send>
    <![CDATA[
ACK sip:[field1]@[remote_ip]:[remote_port] SIP/2.0
[last_Via:]
From: [field0] <sip:[field0]@[local_ip]:[local_port]>;tag=[call_number]
To: [field1] <sip:[field1]@[remote_ip]:[remote_port]>[peer_tag_param]
Call-ID: [call_id]
CSeq: 1 ACK
Contact: sip:[field0]@[local_ip]:[local_port]
Max-Forwards: 70
Subject: Performance Test
Content-Length: 0
]]>
  </send>

 
 
 <!-- invite(2)  ok -->


  <send retrans="500">
    <![CDATA[

      INVITE sip:[field1]@[remote_ip] SIP/2.0
      Via: SIP/2.0/[transport] [local_ip]:[local_port];branch=[branch]
      From: [field0] <sip:[field0]@[remote_ip]:[remote_port]>;tag=[call_number]
      To: [field1] <sip:[field1]@[remote_ip]:[remote_port]>
      Call-ID: [call_id]
      CSeq: 1 INVITE
      Contact: sip:[field0]@[remote_ip]:[remote_port]
      Max-Forwards: 70
      Subject: Performance Test
      [field2]
      Content-Type: application/sdp
      Content-Length: [len]

      v=0
      o=user1 53655765 2353687637 IN IP[local_ip_type] [local_ip]
      s=-
      c=IN IP[media_ip_type] [media_ip]
      t=0 0
      m=audio [media_port] RTP/AVP 0
      a=rtpmap:0 PCMU/8000

    ]]>
  </send>
<!-- 

 <send retrans="500">
     <![CDATA[
INVITE sip:[field1]@[remote_ip]:[remote_port] SIP/2.0
Via: SIP/2.0/[transport] [local_ip]:[local_port];branch=[branch]
From: [field0] <sip:[field0]@[local_ip]:[local_port]>;tag=[call_number]
To: [field1] <sip:[field1]@[remote_ip]:[remote_port]>
Call-ID: [call_id]
CSeq: 2 INVITE
Contact: sip:[field0]@[local_ip]:[local_port]
Max-Forwards: 70
Subject: Performance Test
[field2]
Content-Type: application/sdp
Content-Length: [len]

v=0
o=user1 53655765 2353687637 IN IP[local_ip_type] [local_ip]
s=-
c=IN IP[media_ip_type] [media_ip]
t=0 0
m=audio [media_port] RTP/AVP 0
a=rtpmap:0 PCMU/8000
]]>
</send>
 -->
<recv response="100" optional="true"></recv>
<recv response="180" optional="true"></recv>
<recv response="183" optional="true"></recv>



  <recv response="200" start_rtd="true" next="4">
    <!-- Definition of regexp in the action tag. The regexp must follow -->
    <!-- the Posix Extended standard (POSIX 1003.2), see:               -->
    <!--                                                                -->
    <!--   http://www.opengroup.org/onlinepubs/007908799/xbd/re.html    -->
    <!--                                                                -->
    <!-- regexp    : Contain the regexp to use for matching the         -->
    <!--             received message                                   -->
    <!--             MANDATORY                                          -->
    <!-- search_in : msg (try to match against the entire message)      -->
    <!--           : hdr (try to match against a specific SIP header    -->
    <!--             (passed in the header tag)                         -->
    <!--             OPTIONAL - default value : msg                     -->
    <!-- header    : Header to try to match against.                    -->
    <!--             Only used when the search_in tag is set to hdr     -->
    <!--             MANDATORY IF search_in is equal to hdr             -->
    <!-- check_it  : if set to true, the call is marked as failed if    -->
    <!--             the regexp doesn't match.                          -->
    <!--             OPTIONAL - default value : false                   -->
    <!-- assign_to : contain the variable id (integer) or a list of     -->
    <!--             variable id which will be used to store the        -->
    <!--             result of the matching process between the regexp  -->
    <!--             and the message. This variable can be re-used at   -->
    <!--             a later time in the scenario using '[$n]' syntax   -->
    <!--             where n is the variable id.                        -->
    <!--             MANDATORY                                          -->
    <action>
      <ereg regexp="[0-9]{1,3}[.][0-9]{1,3}[.][0-9]{1,3}[.][0-9]{1,3}[:][0-9]{1,5}" 
            search_in="msg" 
            check_it="true" 
            assign_to="1"/>
            
      <ereg regexp="[0-9]{1,3}[.][0-9]{1,3}[.][0-9]{1,3}[.][0-9]{1,3}[:][0-9]{1,5}" 
            search_in="hdr" 
            header="Contact:" 
            check_it="true" 
            assign_to="3"/>
            
      <ereg regexp=".*" 
            search_in="hdr" 
            header="Contact:" 
            check_it="true" 
            assign_to="6"/>
            
    </action>
  </recv>

  <label id="4"/>
<!--   <send>
    <![CDATA[
      ACK sip:[field1]@[remote_ip]:[remote_port]  SIP/2.0
      Via: SIP/2.0/[transport] [local_ip]:[local_port];branch=[branch]
      From: [field0] <sip:[field0]@[local_ip]:[local_port]>;tag=[pid]SIPpTag02[call_number]
      To: [field1] <sip:[field1]@[remote_ip]:[remote_port]>[peer_tag_param]
      Call-ID: [call_id]
      CSeq: 2 ACK
      retrievedIp: [$1]
      retrievedContact:[$6]
      Contact: sip:[field0]@[local_ip]:[local_port]
      Max-Forwards: 70
      Subject: Performance Test
      Content-Length: 0
    ]]>
  </send>
 -->
  <send>
    <![CDATA[
    ACK sip:[$3];transport=[transport] SIP/2.0
    Via: SIP/2.0/[transport] [local_ip]:[local_port];branch=[branch];rport
    [last_Via:]
    From: [field0] <sip:[field0]@[local_ip]:[local_port]>;tag=[call_number]
    To: [field1] <sip:[field1]@[remote_ip]:[remote_port]>[peer_tag_param]
    Call-ID: [call_id]
    CSeq: 2 ACK
    retrievedIp: [$1]
    retrievedContact:[$6]
    Contact: <sip:[field0]@[local_ip]:[local_port]>
    Max-Forwards: 70
    Subject: Performance Test
    [field2]
    Content-Length: 0
    ]]>
  </send>

<!-- 


<recv response="200" rtd="true" next="4"></recv>

  <label id="4"/>
  <send>
    <![CDATA[
    ACK sip:[field1]@[remote_ip]:[remote_port] SIP/2.0
    [last_Via:]
    From: [field0] <sip:[field0]@[local_ip]:[local_port]>;tag=[call_number]
    To: [field1] <sip:[field1]@[remote_ip]:[remote_port]>[peer_tag_param]
    Call-ID: [call_id]
    CSeq: 2 ACK
    Max-Forwards: 70
    Subject: Performance Test
    Content-Length: 0
    ]]>
  </send>
  
   -->
  
  
  <pause milliseconds="5000"/>
  <nop>
<!--      <action>
       <exec play_pcap_audio="pcap/cc.pcap"/>
     </action> -->
  </nop>
  <pause milliseconds="50000"/>

  <send retrans="500">
    <![CDATA[

        BYE sip:[field1]@[remote_ip]:[remote_port] SIP/2.0
        [last_Via:]
        From: [field0] <sip:[field0]@[local_ip]:[local_port]>;tag=[call_number]
        To: [field1] <sip:[field1]@[remote_ip]:[remote_port]>[peer_tag_param]
        Call-ID: [call_id]
        CSeq: 3 BYE
        Contact: sip:[field0]@[local_ip]:[local_port]
        Max-Forwards: 70
        Subject: Performance Test
        Content-Length: 0

        ]]>
  </send>
  <recv response="200" crlf="true" rtd="true"></recv>
  <!-- definition of the response time repartition table (unit is ms)   -->
  <ResponseTimeRepartition value="10, 20, 30, 40, 50, 100, 150, 200"/>
  <!-- definition of the call length repartition table (unit is ms)     -->
  <CallLengthRepartition value="10, 50, 100, 500, 1000, 5000, 10000"/>
</scenario>
