<?xml version="1.0" encoding="ISO-8859-1" ?>
<!DOCTYPE scenario SYSTEM "sipp.dtd">

<scenario name="Basic Sipstone UAC">
<!-- 
  <send retrans="500">
     <![CDATA[
       REGISTER sip:[remote_ip] SIP/2.0
       Via: SIP/2.0/[transport] [local_ip]:[local_port]
       From: [field0] <sip:[field0]@[remote_ip]:[remote_port]>;tag=[call_number]
       To: [field0] <sip:[field0]@[remote_ip]:[remote_port]>
       Call-ID: [call_id]
       CSeq: 1 REGISTER
       Contact: sip:[field0]@[local_ip]:[local_port]
       Content-Length: 0
       Expires: 3600
     ]]>
  </send>
  <recv response="401" auth="true" next="1"></recv>

  <label id="1"/>
  <send retrans="500">
     <![CDATA[
        REGISTER sip:[field0]@[remote_ip]:[remote_port] SIP/2.0
        Via: SIP/2.0/[transport] [local_ip]:[local_port]
        From: [field0] <sip:[field0]@[remote_ip]:[remote_port]>;tag=[call_number]
        To: [field0] <sip:[field0]@[remote_ip]:[remote_port]>
        Call-ID: [call_id]
        CSeq: 2 REGISTER
        Contact: sip:[field0]@[local_ip]:[local_port]
        [field2]
        Content-Length: 0
        Expires: 3600
     ]]>
  </send> 

  <recv response="200" next="2"></recv>
   
  <!-- invite(1) -->
   <label id="2"/> 
   
    -->
<!--    
  <send retrans="500">
    <![CDATA[

      INVITE sip:[field1]@[remote_ip] SIP/2.0
      Via: SIP/2.0/[transport] [local_ip]:[local_port]
      From: [field0] <sip:[field0]@[remote_ip]:[remote_port]>;tag=[call_number]
      To: [field1] <sip:[field1]@[remote_ip]:[remote_port]>
      Call-ID: [call_id]
      CSeq: 1 INVITE
      Contact: sip:[field0]@[remote_ip]:[remote_port]
      Max-Forwards: 70
      Subject: Performance Test
      Content-Type: application/sdp
      Content-Length: [len]

      v=0
      o=user1 53655765 2353687637 IN IP[local_ip_type] [local_ip]
      s=-
      c=IN IP[media_ip_type] [media_ip]
      t=0 0
      m=audio [media_port] RTP/AVP 0
      a=rtpmap:0 PCMU/8000

    ]]>
  </send>

  
  <recv response="100" optional="true"></recv>  
  <recv response="407" auth="true" next="3"></recv>
  
  <label id="3"/>
  <send>
    <![CDATA[
    ACK sip:[field1]@[remote_ip]:[remote_port] SIP/2.0
    [last_Via:]
    From: [field0] <sip:[field0]@[local_ip]:[local_port]>;tag=[call_number]my[peer_tag_param]
    To: [field1] <sip:[field1]@[remote_ip]:[remote_port]>[peer_tag_param]
    Call-ID: [call_id]
    CSeq: 1 ACK
    Contact: sip:[field0]@[remote_ip]:[remote_port]
    Max-Forwards: 70
    Subject: Performance Test
    Content-Length: 0
    ]]>
  </send>

  -->
   <send retrans="500">
    <![CDATA[

      INVITE sip:[field1]@[remote_ip]:[remote_port] SIP/2.0
      Via: SIP/2.0/[transport] [local_ip]:[local_port]
      From: [field0] <sip:[field0]@[remote_ip]:[remote_port]>;tag=[call_number]
      To: [field1] <sip:[field1]@[remote_ip]:[remote_port]>
      Call-ID: [call_id]
      CSeq: 1 INVITE
      Contact: sip:[field0]@[remote_ip]:[remote_port]
      Max-Forwards: 70
      Subject: Performance Test
      Content-Type: application/sdp
      Content-Length: [len]

      v=0
      o=user1 53655765 2353687637 IN IP[local_ip_type] [local_ip]
      s=-
      c=IN IP[media_ip_type] [media_ip]
      t=0 0
      m=audio [media_port] RTP/AVP 0
      a=rtpmap:0 PCMU/8000

    ]]>
  </send>

  <recv response="100" optional="true"></recv>
  <recv response="180" optional="true"></recv>

  <recv response="200" rtd="true" next="3"></recv>

  <label id="3"/>
  <send>
    <![CDATA[
    
        ACK sip:[field1]@[remote_ip]:[remote_port] SIP/2.0
        [last_Via:]
        From: [field0] <sip:[field0]@[remote_ip]:[remote_port]>;
        To: [field1] <sip:[field1]@[remote_ip]:[remote_port]>
        Call-ID: [call_id]
        CSeq: 1 ACK
        Contact: sip:[field0]@[remote_ip]:[remote_port]
        Max-Forwards: 70
        Subject: Performance Test
        Content-Length: 0
        
    ]]>
  </send>
  
  
  <pause milliseconds = "60000"/>

  <send retrans="500">
    <![CDATA[

      BYE sip:[field1]@[remote_ip]:[remote_port] SIP/2.0
      Via: SIP/2.0/[transport] [local_ip]:[local_port]
      From: [field0] <sip:[field0]@[remote_ip]:[remote_port]>;
      To: [field1] <sip:[field1]@[remote_ip]:[remote_port]>
      Call-ID: [call_id]
      CSeq: 2 BYE
      Contact: sip:[field0]@[remote_ip]:[remote_port]
      Max-Forwards: 70
      Subject: Performance Test
      Content-Length: 0

    ]]>
  </send>

  <recv response="200" crlf="true" rtd="true">
  </recv>

  <!-- definition of the response time repartition table (unit is ms)   -->
  <ResponseTimeRepartition value="1000, 1040, 1080, 1120, 1160, 1200"/>

  <!-- definition of the call length repartition table (unit is ms)     -->
  <CallLengthRepartition value="1000, 1100, 1200, 1300, 1400"/>

</scenario>
