<?xml version="1.0" encoding="ISO-8859-1" ?>
<!DOCTYPE scenario SYSTEM "sipp.dtd">

<!-- This program is free software; you can redistribute it and/or      -->
<!-- modify it under the terms of the GNU General Public License as     -->
<!-- published by the Free Software Foundation; either version 2 of the -->
<!-- License, or (at your option) any later version.                    -->
<!--                                                                    -->
<!-- This program is distributed in the hope that it will be useful,    -->
<!-- but WITHOUT ANY WARRANTY; without even the implied warranty of     -->
<!-- MERCHANTABILITY or FITNESS FOR A PARTICULAR PURPOSE.  See the      -->
<!-- GNU General Public License for more details.                       -->
<!--                                                                    -->
<!-- You should have received a copy of the GNU General Public License  -->
<!-- along with this program; if not, write to the                      -->
<!-- Free Software Foundation, Inc.,                                    -->
<!-- 59 Temple Place, Suite 330, Boston, MA  02111-1307 USA             -->
<!--                                                                    -->
<!--                 Sipp default 'uac' scenario.                       -->
<!--                                                                    -->

<scenario name="Basic Sipstone UAC">
  <!-- In client mode (sipp placing calls), the Call-ID MUST be         -->
  <!-- generated by sipp. To do so, use [call_id] keyword.                -->
  <send retrans="500">
    <![CDATA[

      INVITE sip:[field1]@[remote_ip]:[remote_port] SIP/2.0
      Via: SIP/2.0/[transport] [local_ip]:[local_port];branch=[branch]
      From: [field0] <sip:[field0]@[local_ip]:[local_port]>;tag=[pid][call_number]
      To: [field1] <sip:[field1]@[remote_ip]:[remote_port]>;tag=[peer_tag_param]
      Call-ID: [call_id]
      CSeq: 1 INVITE
      Contact: <sip:[field0]@[local_ip]:[local_port];transport=[transport]>
      Max-Forwards: 70
      Subject: Performance Test
      Content-Type: application/sdp
      Content-Length: [len]

    v=0
    o=- 3712800291 3712800291 IN IP4 [local_ip]
    s=
    t=0 0
    m=audio 50010 RTP/AVP 113 9 0 8 101
    c=IN IP4 [local_ip]
    a=rtcp:50011
    a=rtpmap:113 opus/48000/2
    a=fmtp:113 useinbandfec=1
    a=rtpmap:9 G722/8000
    a=rtpmap:0 PCMU/8000
    a=rtpmap:8 PCMA/8000
    a=rtpmap:101 telephone-event/8000
    a=fmtp:101 0-16
    a=zrtp-hash:1.10 c30ebab759883e243f26eacd1817c65c10f92a07285a0b3ae110db25183e533a
    a=sendrecv


    ]]>
  </send>

  <recv response="100" optional="true"> </recv>
  <recv response="180" optional="true"> </recv>
  <recv response="183" optional="true"> </recv>

  <recv response="200" optional="true"  crlf="true" rtd="true" next="5"> </recv>

  <label id="5"/>
  
  <send>
    <![CDATA[

      ACK sip:[field1]@[remote_ip]:[remote_port] SIP/2.0
      [last_Via:]
      From: [field0] <sip:[field0]@[local_ip]:[local_port]>;tag=[pid][call_number]
      To: [field1] <sip:[field1]@[remote_ip]:[remote_port]>;tag=[peer_tag_param]
      Call-ID: [call_id]
      CSeq: 1 ACK
      Contact: <sip:[field0]@[local_ip]:[local_port];transport=[transport]>
      Route: <sip:[remote_ip];lr>
      Max-Forwards: 70
      Subject: Performance Test
      Content-Length: 0

    ]]>

  </send>

  <pause milliseconds="60000"/>

  <send retrans="500">
    <![CDATA[

      BYE sip:[field1]@[remote_ip]:[remote_port] SIP/2.0
      Via: SIP/2.0/[transport] [local_ip]:[local_port];branch=[branch]
      From: [field0] <sip:[field0]@[local_ip]:[local_port]>;tag=[pid][call_number]
      To: [field1] <sip:[field1]@[remote_ip]:[remote_port]>;tag=[peer_tag_param]
      Call-ID: [call_id]
      CSeq: 2 BYE
      Contact: <sip:[field0]@[local_ip]:[local_port];transport=[transport]>
      Max-Forwards: 70
      Subject: Performance Test
      Content-Length: 0

    ]]>
  </send>
  
  


  <recv response="200" crlf="true"></recv>

  
  <!-- definition of the response time repartition table (unit is ms)   -->
  <ResponseTimeRepartition value="10, 20, 30, 40, 50, 100, 150, 200"/>

  <!-- definition of the call length repartition table (unit is ms)     -->
  <CallLengthRepartition value="10, 50, 100, 500, 1000, 5000, 10000"/>

</scenario>

