<?xml version="1.0" encoding="ISO-8859-1" ?>
<!DOCTYPE scenario SYSTEM "sipp.dtd">

<!-- This program is free software; you can redistribute it and/or      -->
<!-- modify it under the terms of the GNU General Public License as     -->
<!-- published by the Free Software Foundation; either version 2 of the -->
<!-- License, or (at your option) any later version.                    -->
<!--                                                                    -->
<!-- This program is distributed in the hope that it will be useful,    -->
<!-- but WITHOUT ANY WARRANTY; without even the implied warranty of     -->
<!-- MERCHANTABILITY or FITNESS FOR A PARTICULAR PURPOSE.  See the      -->
<!-- GNU General Public License for more details.                       -->
<!--                                                                    -->
<!-- You should have received a copy of the GNU General Public License  -->
<!-- along with this program; if not, write to the                      -->
<!-- Free Software Foundation, Inc.,                                    -->
<!-- 59 Temple Place, Suite 330, Boston, MA  02111-1307 USA             -->
<!--                                                                    -->
<!--                 Sipp default 'uac' scenario.                       -->
<!--                                                                    -->

<scenario name="Basic Sipstone UAC">
  <!-- In client mode (sipp placing calls), the Call-ID MUST be         -->
  <!-- generated by sipp. To do so, use [call_id] keyword.                -->
  <send retrans="500">
    <![CDATA[

      REFER sip:[service]@[remote_ip]:[remote_port] SIP/2.0
      Via: SIP/2.0/[transport] [local_ip]:[local_port];branch=[branch]
      From: sipp <sip:sipp@[local_ip]:[local_port]>;tag=[pid]SIPpTag00[call_number]
      To: sut <sip:[service]@[remote_ip]:[remote_port]>
      Call-ID: [call_id]
      CSeq: 1 REFER
      Contact: sip:sipp@[local_ip]:[local_port]
      Max-Forwards: 70
      Refer-To: <sip:3333@sip2sip.info>

    ]]>
  </send>


  <recv response="202" rtd="true" rrs="true">
  </recv>

  <!--Begin NOTIFY loop-->
  <label id="1" />
  <recv request="NOTIFY">
    <action>
      <ereg regexp="noresource"
        search_in="hdr"
        header="Subscription-State: "
        assign_to="8"/>
    </action>
  </recv>

  <send>
    <![CDATA[

      SIP/2.0 200 OK
      [last_Via:]
      [last_From:]
      [last_To:]
      [last_Call-ID:]
      [last_CSeq:]
      Contact: <sip:[local_ip]:[local_port];transport=[transport]>
      Content-Length: 0

    ]]>
  </send>

  <!--Jump to the end if the subscription is terminated-->
  <nop next="19" test="8" />

  <pause/>
  <nop next="1" />
  <!--End NOTIFY loop-->

  <!--End-->
  <label id="19"/>
  <pause/>

  <!-- definition of the response time repartition table (unit is ms)   -->
  <ResponseTimeRepartition value="10, 20, 30, 40, 50, 100, 150, 200"/>

  <!-- definition of the call length repartition table (unit is ms)     -->
  <CallLengthRepartition value="10, 50, 100, 500, 1000, 5000, 10000"/>

</scenario>

