RANDOM
2001;2001;[authentication username=2001 password=1234]
2002;2002;[authentication username=2002 password=1234]
2003;2003;[authentication username=2003 password=1234]
2004;2004;[authentication username=2004 password=1234]
2005;2005;[authentication username=2005 password=1234]
2006;2006;[authentication username=2006 password=1234]
2007;2007;[authentication username=2007 password=1234]
2008;2008;[authentication username=2008 password=1234]
2009;2009;[authentication username=2009 password=1234]
2010;2010;[authentication username=2010 password=1234]
2011;2011;[authentication username=2011 password=1234]
2012;2012;[authentication username=2012 password=1234]
2013;2013;[authentication username=2013 password=1234]
2014;2014;[authentication username=2014 password=1234]
2015;2015;[authentication username=2015 password=1234]
2016;2016;[authentication username=2016 password=1234]
2017;2017;[authentication username=2017 password=1234]
2018;2018;[authentication username=2018 password=1234]
2019;2019;[authentication username=2019 password=1234]
2020;2020;[authentication username=2020 password=1234]
2021;2021;[authentication username=2021 password=1234]
2022;2022;[authentication username=2022 password=1234]
2023;2023;[authentication username=2023 password=1234]
2024;2024;[authentication username=2024 password=1234]
2025;2025;[authentication username=2025 password=1234]
2026;2026;[authentication username=2026 password=1234]
2027;2027;[authentication username=2027 password=1234]
2028;2028;[authentication username=2028 password=1234]
2029;2029;[authentication username=2029 password=1234]
2030;2030;[authentication username=2030 password=1234]
2031;2031;[authentication username=2031 password=1234]
2032;2032;[authentication username=2032 password=1234]
2033;2033;[authentication username=2033 password=1234]
2034;2034;[authentication username=2034 password=1234]
2035;2035;[authentication username=2035 password=1234]
2036;2036;[authentication username=2036 password=1234]
2037;2037;[authentication username=2037 password=1234]
2038;2038;[authentication username=2038 password=1234]
2039;2039;[authentication username=2039 password=1234]
2040;2040;[authentication username=2040 password=1234]
2041;2041;[authentication username=2041 password=1234]
2042;2042;[authentication username=2042 password=1234]
2043;2043;[authentication username=2043 password=1234]
2044;2044;[authentication username=2044 password=1234]
2045;2045;[authentication username=2045 password=1234]
2046;2046;[authentication username=2046 password=1234]
2047;2047;[authentication username=2047 password=1234]
2048;2048;[authentication username=2048 password=1234]
2049;2049;[authentication username=2049 password=1234]
2050;2050;[authentication username=2050 password=1234]
2051;2051;[authentication username=2051 password=1234]
2052;2052;[authentication username=2052 password=1234]
2053;2053;[authentication username=2053 password=1234]
2054;2054;[authentication username=2054 password=1234]
2055;2055;[authentication username=2055 password=1234]
2056;2056;[authentication username=2056 password=1234]
2057;2057;[authentication username=2057 password=1234]
2058;2058;[authentication username=2058 password=1234]
2059;2059;[authentication username=2059 password=1234]
2060;2060;[authentication username=2060 password=1234]
2061;2061;[authentication username=2061 password=1234]
2062;2062;[authentication username=2062 password=1234]
2063;2063;[authentication username=2063 password=1234]
2064;2064;[authentication username=2064 password=1234]
2065;2065;[authentication username=2065 password=1234]
2066;2066;[authentication username=2066 password=1234]
2067;2067;[authentication username=2067 password=1234]
2068;2068;[authentication username=2068 password=1234]
2069;2069;[authentication username=2069 password=1234]
2070;2070;[authentication username=2070 password=1234]
2071;2071;[authentication username=2071 password=1234]
2072;2072;[authentication username=2072 password=1234]
2073;2073;[authentication username=2073 password=1234]
2074;2074;[authentication username=2074 password=1234]
2075;2075;[authentication username=2075 password=1234]
2076;2076;[authentication username=2076 password=1234]
2077;2077;[authentication username=2077 password=1234]
2078;2078;[authentication username=2078 password=1234]
2079;2079;[authentication username=2079 password=1234]
2080;2080;[authentication username=2080 password=1234]
2081;2081;[authentication username=2081 password=1234]
2082;2082;[authentication username=2082 password=1234]
2083;2083;[authentication username=2083 password=1234]
2084;2084;[authentication username=2084 password=1234]
2085;2085;[authentication username=2085 password=1234]
2086;2086;[authentication username=2086 password=1234]
2087;2087;[authentication username=2087 password=1234]
2088;2088;[authentication username=2088 password=1234]
2089;2089;[authentication username=2089 password=1234]
2090;2090;[authentication username=2090 password=1234]
2091;2091;[authentication username=2091 password=1234]
2092;2092;[authentication username=2092 password=1234]
2093;2093;[authentication username=2093 password=1234]
2094;2094;[authentication username=2094 password=1234]
2095;2095;[authentication username=2095 password=1234]
2096;2096;[authentication username=2096 password=1234]
2097;2097;[authentication username=2097 password=1234]
2098;2098;[authentication username=2098 password=1234]
2099;2099;[authentication username=2099 password=1234]
2100;2100;[authentication username=2100 password=1234]
2101;2101;[authentication username=2101 password=1234]
2102;2102;[authentication username=2102 password=1234]
2103;2103;[authentication username=2103 password=1234]
2104;2104;[authentication username=2104 password=1234]
2105;2105;[authentication username=2105 password=1234]
2106;2106;[authentication username=2106 password=1234]
2107;2107;[authentication username=2107 password=1234]
2108;2108;[authentication username=2108 password=1234]
2109;2109;[authentication username=2109 password=1234]
2110;2110;[authentication username=2110 password=1234]
2111;2111;[authentication username=2111 password=1234]
2112;2112;[authentication username=2112 password=1234]
2113;2113;[authentication username=2113 password=1234]
2114;2114;[authentication username=2114 password=1234]
2115;2115;[authentication username=2115 password=1234]
2116;2116;[authentication username=2116 password=1234]
2117;2117;[authentication username=2117 password=1234]
2118;2118;[authentication username=2118 password=1234]
2119;2119;[authentication username=2119 password=1234]
2120;2120;[authentication username=2120 password=1234]
2121;2121;[authentication username=2121 password=1234]
2122;2122;[authentication username=2122 password=1234]
2123;2123;[authentication username=2123 password=1234]
2124;2124;[authentication username=2124 password=1234]
2125;2125;[authentication username=2125 password=1234]
2126;2126;[authentication username=2126 password=1234]
2127;2127;[authentication username=2127 password=1234]
2128;2128;[authentication username=2128 password=1234]
2129;2129;[authentication username=2129 password=1234]
2130;2130;[authentication username=2130 password=1234]
2131;2131;[authentication username=2131 password=1234]
2132;2132;[authentication username=2132 password=1234]
2133;2133;[authentication username=2133 password=1234]
2134;2134;[authentication username=2134 password=1234]
2135;2135;[authentication username=2135 password=1234]
2136;2136;[authentication username=2136 password=1234]
2137;2137;[authentication username=2137 password=1234]
2138;2138;[authentication username=2138 password=1234]
2139;2139;[authentication username=2139 password=1234]
2140;2140;[authentication username=2140 password=1234]
2141;2141;[authentication username=2141 password=1234]
2142;2142;[authentication username=2142 password=1234]
2143;2143;[authentication username=2143 password=1234]
2144;2144;[authentication username=2144 password=1234]
2145;2145;[authentication username=2145 password=1234]
2146;2146;[authentication username=2146 password=1234]
2147;2147;[authentication username=2147 password=1234]
2148;2148;[authentication username=2148 password=1234]
2149;2149;[authentication username=2149 password=1234]
2150;2150;[authentication username=2150 password=1234]
2151;2151;[authentication username=2151 password=1234]
2152;2152;[authentication username=2152 password=1234]
2153;2153;[authentication username=2153 password=1234]
2154;2154;[authentication username=2154 password=1234]
2155;2155;[authentication username=2155 password=1234]
2156;2156;[authentication username=2156 password=1234]
2157;2157;[authentication username=2157 password=1234]
2158;2158;[authentication username=2158 password=1234]
2159;2159;[authentication username=2159 password=1234]
2160;2160;[authentication username=2160 password=1234]
2161;2161;[authentication username=2161 password=1234]
2162;2162;[authentication username=2162 password=1234]
2163;2163;[authentication username=2163 password=1234]
2164;2164;[authentication username=2164 password=1234]
2165;2165;[authentication username=2165 password=1234]
2166;2166;[authentication username=2166 password=1234]
2167;2167;[authentication username=2167 password=1234]
2168;2168;[authentication username=2168 password=1234]
2169;2169;[authentication username=2169 password=1234]
2170;2170;[authentication username=2170 password=1234]
2171;2171;[authentication username=2171 password=1234]
2172;2172;[authentication username=2172 password=1234]
2173;2173;[authentication username=2173 password=1234]
2174;2174;[authentication username=2174 password=1234]
2175;2175;[authentication username=2175 password=1234]
2176;2176;[authentication username=2176 password=1234]
2177;2177;[authentication username=2177 password=1234]
2178;2178;[authentication username=2178 password=1234]
2179;2179;[authentication username=2179 password=1234]
2180;2180;[authentication username=2180 password=1234]
2181;2181;[authentication username=2181 password=1234]
2182;2182;[authentication username=2182 password=1234]
2183;2183;[authentication username=2183 password=1234]
2184;2184;[authentication username=2184 password=1234]
2185;2185;[authentication username=2185 password=1234]
2186;2186;[authentication username=2186 password=1234]
2187;2187;[authentication username=2187 password=1234]
2188;2188;[authentication username=2188 password=1234]
2189;2189;[authentication username=2189 password=1234]
2190;2190;[authentication username=2190 password=1234]
2191;2191;[authentication username=2191 password=1234]
2192;2192;[authentication username=2192 password=1234]
2193;2193;[authentication username=2193 password=1234]
2194;2194;[authentication username=2194 password=1234]
2195;2195;[authentication username=2195 password=1234]
2196;2196;[authentication username=2196 password=1234]
2197;2197;[authentication username=2197 password=1234]
2198;2198;[authentication username=2198 password=1234]
2199;2199;[authentication username=2199 password=1234]
2200;2200;[authentication username=2200 password=1234]
2201;2201;[authentication username=2201 password=1234]
2202;2202;[authentication username=2202 password=1234]
2203;2203;[authentication username=2203 password=1234]
2204;2204;[authentication username=2204 password=1234]
2205;2205;[authentication username=2205 password=1234]
2206;2206;[authentication username=2206 password=1234]
2207;2207;[authentication username=2207 password=1234]
2208;2208;[authentication username=2208 password=1234]
2209;2209;[authentication username=2209 password=1234]
2210;2210;[authentication username=2210 password=1234]
2211;2211;[authentication username=2211 password=1234]
2212;2212;[authentication username=2212 password=1234]
2213;2213;[authentication username=2213 password=1234]
2214;2214;[authentication username=2214 password=1234]
2215;2215;[authentication username=2215 password=1234]
2216;2216;[authentication username=2216 password=1234]
2217;2217;[authentication username=2217 password=1234]
2218;2218;[authentication username=2218 password=1234]
2219;2219;[authentication username=2219 password=1234]
2220;2220;[authentication username=2220 password=1234]
2221;2221;[authentication username=2221 password=1234]
2222;2222;[authentication username=2222 password=1234]
2223;2223;[authentication username=2223 password=1234]
2224;2224;[authentication username=2224 password=1234]
2225;2225;[authentication username=2225 password=1234]
2226;2226;[authentication username=2226 password=1234]
2227;2227;[authentication username=2227 password=1234]
2228;2228;[authentication username=2228 password=1234]
2229;2229;[authentication username=2229 password=1234]
2230;2230;[authentication username=2230 password=1234]
2231;2231;[authentication username=2231 password=1234]
2232;2232;[authentication username=2232 password=1234]
2233;2233;[authentication username=2233 password=1234]
2234;2234;[authentication username=2234 password=1234]
2235;2235;[authentication username=2235 password=1234]
2236;2236;[authentication username=2236 password=1234]
2237;2237;[authentication username=2237 password=1234]
2238;2238;[authentication username=2238 password=1234]
2239;2239;[authentication username=2239 password=1234]
2240;2240;[authentication username=2240 password=1234]
2241;2241;[authentication username=2241 password=1234]
2242;2242;[authentication username=2242 password=1234]
2243;2243;[authentication username=2243 password=1234]
2244;2244;[authentication username=2244 password=1234]
2245;2245;[authentication username=2245 password=1234]
2246;2246;[authentication username=2246 password=1234]
2247;2247;[authentication username=2247 password=1234]
2248;2248;[authentication username=2248 password=1234]
2249;2249;[authentication username=2249 password=1234]
2250;2250;[authentication username=2250 password=1234]
2251;2251;[authentication username=2251 password=1234]
2252;2252;[authentication username=2252 password=1234]
2253;2253;[authentication username=2253 password=1234]
2254;2254;[authentication username=2254 password=1234]
2255;2255;[authentication username=2255 password=1234]
2256;2256;[authentication username=2256 password=1234]
2257;2257;[authentication username=2257 password=1234]
2258;2258;[authentication username=2258 password=1234]
2259;2259;[authentication username=2259 password=1234]
2260;2260;[authentication username=2260 password=1234]
2261;2261;[authentication username=2261 password=1234]
2262;2262;[authentication username=2262 password=1234]
2263;2263;[authentication username=2263 password=1234]
2264;2264;[authentication username=2264 password=1234]
2265;2265;[authentication username=2265 password=1234]
2266;2266;[authentication username=2266 password=1234]
2267;2267;[authentication username=2267 password=1234]
2268;2268;[authentication username=2268 password=1234]
2269;2269;[authentication username=2269 password=1234]
2270;2270;[authentication username=2270 password=1234]
2271;2271;[authentication username=2271 password=1234]
2272;2272;[authentication username=2272 password=1234]
2273;2273;[authentication username=2273 password=1234]
2274;2274;[authentication username=2274 password=1234]
2275;2275;[authentication username=2275 password=1234]
2276;2276;[authentication username=2276 password=1234]
2277;2277;[authentication username=2277 password=1234]
2278;2278;[authentication username=2278 password=1234]
2279;2279;[authentication username=2279 password=1234]
2280;2280;[authentication username=2280 password=1234]
2281;2281;[authentication username=2281 password=1234]
2282;2282;[authentication username=2282 password=1234]
2283;2283;[authentication username=2283 password=1234]
2284;2284;[authentication username=2284 password=1234]
2285;2285;[authentication username=2285 password=1234]
2286;2286;[authentication username=2286 password=1234]
2287;2287;[authentication username=2287 password=1234]
2288;2288;[authentication username=2288 password=1234]
2289;2289;[authentication username=2289 password=1234]
2290;2290;[authentication username=2290 password=1234]
2291;2291;[authentication username=2291 password=1234]
2292;2292;[authentication username=2292 password=1234]
2293;2293;[authentication username=2293 password=1234]
2294;2294;[authentication username=2294 password=1234]
2295;2295;[authentication username=2295 password=1234]
2296;2296;[authentication username=2296 password=1234]
2297;2297;[authentication username=2297 password=1234]
2298;2298;[authentication username=2298 password=1234]
2299;2299;[authentication username=2299 password=1234]
2300;2300;[authentication username=2300 password=1234]
2301;2301;[authentication username=2301 password=1234]
2302;2302;[authentication username=2302 password=1234]
2303;2303;[authentication username=2303 password=1234]
2304;2304;[authentication username=2304 password=1234]
2305;2305;[authentication username=2305 password=1234]
2306;2306;[authentication username=2306 password=1234]
2307;2307;[authentication username=2307 password=1234]
2308;2308;[authentication username=2308 password=1234]
2309;2309;[authentication username=2309 password=1234]
2310;2310;[authentication username=2310 password=1234]
2311;2311;[authentication username=2311 password=1234]
2312;2312;[authentication username=2312 password=1234]
2313;2313;[authentication username=2313 password=1234]
2314;2314;[authentication username=2314 password=1234]
2315;2315;[authentication username=2315 password=1234]
2316;2316;[authentication username=2316 password=1234]
2317;2317;[authentication username=2317 password=1234]
2318;2318;[authentication username=2318 password=1234]
2319;2319;[authentication username=2319 password=1234]
2320;2320;[authentication username=2320 password=1234]
2321;2321;[authentication username=2321 password=1234]
2322;2322;[authentication username=2322 password=1234]
2323;2323;[authentication username=2323 password=1234]
2324;2324;[authentication username=2324 password=1234]
2325;2325;[authentication username=2325 password=1234]
2326;2326;[authentication username=2326 password=1234]
2327;2327;[authentication username=2327 password=1234]
2328;2328;[authentication username=2328 password=1234]
2329;2329;[authentication username=2329 password=1234]
2330;2330;[authentication username=2330 password=1234]
2331;2331;[authentication username=2331 password=1234]
2332;2332;[authentication username=2332 password=1234]
2333;2333;[authentication username=2333 password=1234]
2334;2334;[authentication username=2334 password=1234]
2335;2335;[authentication username=2335 password=1234]
2336;2336;[authentication username=2336 password=1234]
2337;2337;[authentication username=2337 password=1234]
2338;2338;[authentication username=2338 password=1234]
2339;2339;[authentication username=2339 password=1234]
2340;2340;[authentication username=2340 password=1234]
2341;2341;[authentication username=2341 password=1234]
2342;2342;[authentication username=2342 password=1234]
2343;2343;[authentication username=2343 password=1234]
2344;2344;[authentication username=2344 password=1234]
2345;2345;[authentication username=2345 password=1234]
2346;2346;[authentication username=2346 password=1234]
2347;2347;[authentication username=2347 password=1234]
2348;2348;[authentication username=2348 password=1234]
2349;2349;[authentication username=2349 password=1234]
2350;2350;[authentication username=2350 password=1234]
2351;2351;[authentication username=2351 password=1234]
2352;2352;[authentication username=2352 password=1234]
2353;2353;[authentication username=2353 password=1234]
2354;2354;[authentication username=2354 password=1234]
2355;2355;[authentication username=2355 password=1234]
2356;2356;[authentication username=2356 password=1234]
2357;2357;[authentication username=2357 password=1234]
2358;2358;[authentication username=2358 password=1234]
2359;2359;[authentication username=2359 password=1234]
2360;2360;[authentication username=2360 password=1234]
2361;2361;[authentication username=2361 password=1234]
2362;2362;[authentication username=2362 password=1234]
2363;2363;[authentication username=2363 password=1234]
2364;2364;[authentication username=2364 password=1234]
2365;2365;[authentication username=2365 password=1234]
2366;2366;[authentication username=2366 password=1234]
2367;2367;[authentication username=2367 password=1234]
2368;2368;[authentication username=2368 password=1234]
2369;2369;[authentication username=2369 password=1234]
2370;2370;[authentication username=2370 password=1234]
2371;2371;[authentication username=2371 password=1234]
2372;2372;[authentication username=2372 password=1234]
2373;2373;[authentication username=2373 password=1234]
2374;2374;[authentication username=2374 password=1234]
2375;2375;[authentication username=2375 password=1234]
2376;2376;[authentication username=2376 password=1234]
2377;2377;[authentication username=2377 password=1234]
2378;2378;[authentication username=2378 password=1234]
2379;2379;[authentication username=2379 password=1234]
2380;2380;[authentication username=2380 password=1234]
2381;2381;[authentication username=2381 password=1234]
2382;2382;[authentication username=2382 password=1234]
2383;2383;[authentication username=2383 password=1234]
2384;2384;[authentication username=2384 password=1234]
2385;2385;[authentication username=2385 password=1234]
2386;2386;[authentication username=2386 password=1234]
2387;2387;[authentication username=2387 password=1234]
2388;2388;[authentication username=2388 password=1234]
2389;2389;[authentication username=2389 password=1234]
2390;2390;[authentication username=2390 password=1234]
2391;2391;[authentication username=2391 password=1234]
2392;2392;[authentication username=2392 password=1234]
2393;2393;[authentication username=2393 password=1234]
2394;2394;[authentication username=2394 password=1234]
2395;2395;[authentication username=2395 password=1234]
2396;2396;[authentication username=2396 password=1234]
2397;2397;[authentication username=2397 password=1234]
2398;2398;[authentication username=2398 password=1234]
2399;2399;[authentication username=2399 password=1234]
2400;2400;[authentication username=2400 password=1234]
2401;2401;[authentication username=2401 password=1234]
2402;2402;[authentication username=2402 password=1234]
2403;2403;[authentication username=2403 password=1234]
2404;2404;[authentication username=2404 password=1234]
2405;2405;[authentication username=2405 password=1234]
2406;2406;[authentication username=2406 password=1234]
2407;2407;[authentication username=2407 password=1234]
2408;2408;[authentication username=2408 password=1234]
2409;2409;[authentication username=2409 password=1234]
2410;2410;[authentication username=2410 password=1234]
2411;2411;[authentication username=2411 password=1234]
2412;2412;[authentication username=2412 password=1234]
2413;2413;[authentication username=2413 password=1234]
2414;2414;[authentication username=2414 password=1234]
2415;2415;[authentication username=2415 password=1234]
2416;2416;[authentication username=2416 password=1234]
2417;2417;[authentication username=2417 password=1234]
2418;2418;[authentication username=2418 password=1234]
2419;2419;[authentication username=2419 password=1234]
2420;2420;[authentication username=2420 password=1234]
2421;2421;[authentication username=2421 password=1234]
2422;2422;[authentication username=2422 password=1234]
2423;2423;[authentication username=2423 password=1234]
2424;2424;[authentication username=2424 password=1234]
2425;2425;[authentication username=2425 password=1234]
2426;2426;[authentication username=2426 password=1234]
2427;2427;[authentication username=2427 password=1234]
2428;2428;[authentication username=2428 password=1234]
2429;2429;[authentication username=2429 password=1234]
2430;2430;[authentication username=2430 password=1234]
2431;2431;[authentication username=2431 password=1234]
2432;2432;[authentication username=2432 password=1234]
2433;2433;[authentication username=2433 password=1234]
2434;2434;[authentication username=2434 password=1234]
2435;2435;[authentication username=2435 password=1234]
2436;2436;[authentication username=2436 password=1234]
2437;2437;[authentication username=2437 password=1234]
2438;2438;[authentication username=2438 password=1234]
2439;2439;[authentication username=2439 password=1234]
2440;2440;[authentication username=2440 password=1234]
2441;2441;[authentication username=2441 password=1234]
2442;2442;[authentication username=2442 password=1234]
2443;2443;[authentication username=2443 password=1234]
2444;2444;[authentication username=2444 password=1234]
2445;2445;[authentication username=2445 password=1234]
2446;2446;[authentication username=2446 password=1234]
2447;2447;[authentication username=2447 password=1234]
2448;2448;[authentication username=2448 password=1234]
2449;2449;[authentication username=2449 password=1234]
2450;2450;[authentication username=2450 password=1234]
2451;2451;[authentication username=2451 password=1234]
2452;2452;[authentication username=2452 password=1234]
2453;2453;[authentication username=2453 password=1234]
2454;2454;[authentication username=2454 password=1234]
2455;2455;[authentication username=2455 password=1234]
2456;2456;[authentication username=2456 password=1234]
2457;2457;[authentication username=2457 password=1234]
2458;2458;[authentication username=2458 password=1234]
2459;2459;[authentication username=2459 password=1234]
2460;2460;[authentication username=2460 password=1234]
2461;2461;[authentication username=2461 password=1234]
2462;2462;[authentication username=2462 password=1234]
2463;2463;[authentication username=2463 password=1234]
2464;2464;[authentication username=2464 password=1234]
2465;2465;[authentication username=2465 password=1234]
2466;2466;[authentication username=2466 password=1234]
2467;2467;[authentication username=2467 password=1234]
2468;2468;[authentication username=2468 password=1234]
2469;2469;[authentication username=2469 password=1234]
2470;2470;[authentication username=2470 password=1234]
2471;2471;[authentication username=2471 password=1234]
2472;2472;[authentication username=2472 password=1234]
2473;2473;[authentication username=2473 password=1234]
2474;2474;[authentication username=2474 password=1234]
2475;2475;[authentication username=2475 password=1234]
2476;2476;[authentication username=2476 password=1234]
2477;2477;[authentication username=2477 password=1234]
2478;2478;[authentication username=2478 password=1234]
2479;2479;[authentication username=2479 password=1234]
2480;2480;[authentication username=2480 password=1234]
2481;2481;[authentication username=2481 password=1234]
2482;2482;[authentication username=2482 password=1234]
2483;2483;[authentication username=2483 password=1234]
2484;2484;[authentication username=2484 password=1234]
2485;2485;[authentication username=2485 password=1234]
2486;2486;[authentication username=2486 password=1234]
2487;2487;[authentication username=2487 password=1234]
2488;2488;[authentication username=2488 password=1234]
2489;2489;[authentication username=2489 password=1234]
2490;2490;[authentication username=2490 password=1234]
2491;2491;[authentication username=2491 password=1234]
2492;2492;[authentication username=2492 password=1234]
2493;2493;[authentication username=2493 password=1234]
2494;2494;[authentication username=2494 password=1234]
2495;2495;[authentication username=2495 password=1234]
2496;2496;[authentication username=2496 password=1234]
2497;2497;[authentication username=2497 password=1234]
2498;2498;[authentication username=2498 password=1234]
2499;2499;[authentication username=2499 password=1234]
2500;2500;[authentication username=2500 password=1234]
2501;2501;[authentication username=2501 password=1234]
2502;2502;[authentication username=2502 password=1234]
2503;2503;[authentication username=2503 password=1234]
2504;2504;[authentication username=2504 password=1234]
2505;2505;[authentication username=2505 password=1234]
2506;2506;[authentication username=2506 password=1234]
2507;2507;[authentication username=2507 password=1234]
2508;2508;[authentication username=2508 password=1234]
2509;2509;[authentication username=2509 password=1234]
2510;2510;[authentication username=2510 password=1234]
2511;2511;[authentication username=2511 password=1234]
2512;2512;[authentication username=2512 password=1234]
2513;2513;[authentication username=2513 password=1234]
2514;2514;[authentication username=2514 password=1234]
2515;2515;[authentication username=2515 password=1234]
2516;2516;[authentication username=2516 password=1234]
2517;2517;[authentication username=2517 password=1234]
2518;2518;[authentication username=2518 password=1234]
2519;2519;[authentication username=2519 password=1234]
2520;2520;[authentication username=2520 password=1234]
2521;2521;[authentication username=2521 password=1234]
2522;2522;[authentication username=2522 password=1234]
2523;2523;[authentication username=2523 password=1234]
2524;2524;[authentication username=2524 password=1234]
2525;2525;[authentication username=2525 password=1234]
2526;2526;[authentication username=2526 password=1234]
2527;2527;[authentication username=2527 password=1234]
2528;2528;[authentication username=2528 password=1234]
2529;2529;[authentication username=2529 password=1234]
2530;2530;[authentication username=2530 password=1234]
2531;2531;[authentication username=2531 password=1234]
2532;2532;[authentication username=2532 password=1234]
2533;2533;[authentication username=2533 password=1234]
2534;2534;[authentication username=2534 password=1234]
2535;2535;[authentication username=2535 password=1234]
2536;2536;[authentication username=2536 password=1234]
2537;2537;[authentication username=2537 password=1234]
2538;2538;[authentication username=2538 password=1234]
2539;2539;[authentication username=2539 password=1234]
2540;2540;[authentication username=2540 password=1234]
2541;2541;[authentication username=2541 password=1234]
2542;2542;[authentication username=2542 password=1234]
2543;2543;[authentication username=2543 password=1234]
2544;2544;[authentication username=2544 password=1234]
2545;2545;[authentication username=2545 password=1234]
2546;2546;[authentication username=2546 password=1234]
2547;2547;[authentication username=2547 password=1234]
2548;2548;[authentication username=2548 password=1234]
2549;2549;[authentication username=2549 password=1234]
2550;2550;[authentication username=2550 password=1234]
2551;2551;[authentication username=2551 password=1234]
2552;2552;[authentication username=2552 password=1234]
2553;2553;[authentication username=2553 password=1234]
2554;2554;[authentication username=2554 password=1234]
2555;2555;[authentication username=2555 password=1234]
2556;2556;[authentication username=2556 password=1234]
2557;2557;[authentication username=2557 password=1234]
2558;2558;[authentication username=2558 password=1234]
2559;2559;[authentication username=2559 password=1234]
2560;2560;[authentication username=2560 password=1234]
2561;2561;[authentication username=2561 password=1234]
2562;2562;[authentication username=2562 password=1234]
2563;2563;[authentication username=2563 password=1234]
2564;2564;[authentication username=2564 password=1234]
2565;2565;[authentication username=2565 password=1234]
2566;2566;[authentication username=2566 password=1234]
2567;2567;[authentication username=2567 password=1234]
2568;2568;[authentication username=2568 password=1234]
2569;2569;[authentication username=2569 password=1234]
2570;2570;[authentication username=2570 password=1234]
2571;2571;[authentication username=2571 password=1234]
2572;2572;[authentication username=2572 password=1234]
2573;2573;[authentication username=2573 password=1234]
2574;2574;[authentication username=2574 password=1234]
2575;2575;[authentication username=2575 password=1234]
2576;2576;[authentication username=2576 password=1234]
2577;2577;[authentication username=2577 password=1234]
2578;2578;[authentication username=2578 password=1234]
2579;2579;[authentication username=2579 password=1234]
2580;2580;[authentication username=2580 password=1234]
2581;2581;[authentication username=2581 password=1234]
2582;2582;[authentication username=2582 password=1234]
2583;2583;[authentication username=2583 password=1234]
2584;2584;[authentication username=2584 password=1234]
2585;2585;[authentication username=2585 password=1234]
2586;2586;[authentication username=2586 password=1234]
2587;2587;[authentication username=2587 password=1234]
2588;2588;[authentication username=2588 password=1234]
2589;2589;[authentication username=2589 password=1234]
2590;2590;[authentication username=2590 password=1234]
2591;2591;[authentication username=2591 password=1234]
2592;2592;[authentication username=2592 password=1234]
2593;2593;[authentication username=2593 password=1234]
2594;2594;[authentication username=2594 password=1234]
2595;2595;[authentication username=2595 password=1234]
2596;2596;[authentication username=2596 password=1234]
2597;2597;[authentication username=2597 password=1234]
2598;2598;[authentication username=2598 password=1234]
2599;2599;[authentication username=2599 password=1234]
2600;2600;[authentication username=2600 password=1234]
2601;2601;[authentication username=2601 password=1234]
2602;2602;[authentication username=2602 password=1234]
2603;2603;[authentication username=2603 password=1234]
2604;2604;[authentication username=2604 password=1234]
2605;2605;[authentication username=2605 password=1234]
2606;2606;[authentication username=2606 password=1234]
2607;2607;[authentication username=2607 password=1234]
2608;2608;[authentication username=2608 password=1234]
2609;2609;[authentication username=2609 password=1234]
2610;2610;[authentication username=2610 password=1234]
2611;2611;[authentication username=2611 password=1234]
2612;2612;[authentication username=2612 password=1234]
2613;2613;[authentication username=2613 password=1234]
2614;2614;[authentication username=2614 password=1234]
2615;2615;[authentication username=2615 password=1234]
2616;2616;[authentication username=2616 password=1234]
2617;2617;[authentication username=2617 password=1234]
2618;2618;[authentication username=2618 password=1234]
2619;2619;[authentication username=2619 password=1234]
2620;2620;[authentication username=2620 password=1234]
2621;2621;[authentication username=2621 password=1234]
2622;2622;[authentication username=2622 password=1234]
2623;2623;[authentication username=2623 password=1234]
2624;2624;[authentication username=2624 password=1234]
2625;2625;[authentication username=2625 password=1234]
2626;2626;[authentication username=2626 password=1234]
2627;2627;[authentication username=2627 password=1234]
2628;2628;[authentication username=2628 password=1234]
2629;2629;[authentication username=2629 password=1234]
2630;2630;[authentication username=2630 password=1234]
2631;2631;[authentication username=2631 password=1234]
2632;2632;[authentication username=2632 password=1234]
2633;2633;[authentication username=2633 password=1234]
2634;2634;[authentication username=2634 password=1234]
2635;2635;[authentication username=2635 password=1234]
2636;2636;[authentication username=2636 password=1234]
2637;2637;[authentication username=2637 password=1234]
2638;2638;[authentication username=2638 password=1234]
2639;2639;[authentication username=2639 password=1234]
2640;2640;[authentication username=2640 password=1234]
2641;2641;[authentication username=2641 password=1234]
2642;2642;[authentication username=2642 password=1234]
2643;2643;[authentication username=2643 password=1234]
2644;2644;[authentication username=2644 password=1234]
2645;2645;[authentication username=2645 password=1234]
2646;2646;[authentication username=2646 password=1234]
2647;2647;[authentication username=2647 password=1234]
2648;2648;[authentication username=2648 password=1234]
2649;2649;[authentication username=2649 password=1234]
2650;2650;[authentication username=2650 password=1234]
2651;2651;[authentication username=2651 password=1234]
2652;2652;[authentication username=2652 password=1234]
2653;2653;[authentication username=2653 password=1234]
2654;2654;[authentication username=2654 password=1234]
2655;2655;[authentication username=2655 password=1234]
2656;2656;[authentication username=2656 password=1234]
2657;2657;[authentication username=2657 password=1234]
2658;2658;[authentication username=2658 password=1234]
2659;2659;[authentication username=2659 password=1234]
2660;2660;[authentication username=2660 password=1234]
2661;2661;[authentication username=2661 password=1234]
2662;2662;[authentication username=2662 password=1234]
2663;2663;[authentication username=2663 password=1234]
2664;2664;[authentication username=2664 password=1234]
2665;2665;[authentication username=2665 password=1234]
2666;2666;[authentication username=2666 password=1234]
2667;2667;[authentication username=2667 password=1234]
2668;2668;[authentication username=2668 password=1234]
2669;2669;[authentication username=2669 password=1234]
2670;2670;[authentication username=2670 password=1234]
2671;2671;[authentication username=2671 password=1234]
2672;2672;[authentication username=2672 password=1234]
2673;2673;[authentication username=2673 password=1234]
2674;2674;[authentication username=2674 password=1234]
2675;2675;[authentication username=2675 password=1234]
2676;2676;[authentication username=2676 password=1234]
2677;2677;[authentication username=2677 password=1234]
2678;2678;[authentication username=2678 password=1234]
2679;2679;[authentication username=2679 password=1234]
2680;2680;[authentication username=2680 password=1234]
2681;2681;[authentication username=2681 password=1234]
2682;2682;[authentication username=2682 password=1234]
2683;2683;[authentication username=2683 password=1234]
2684;2684;[authentication username=2684 password=1234]
2685;2685;[authentication username=2685 password=1234]
2686;2686;[authentication username=2686 password=1234]
2687;2687;[authentication username=2687 password=1234]
2688;2688;[authentication username=2688 password=1234]
2689;2689;[authentication username=2689 password=1234]
2690;2690;[authentication username=2690 password=1234]
2691;2691;[authentication username=2691 password=1234]
2692;2692;[authentication username=2692 password=1234]
2693;2693;[authentication username=2693 password=1234]
2694;2694;[authentication username=2694 password=1234]
2695;2695;[authentication username=2695 password=1234]
2696;2696;[authentication username=2696 password=1234]
2697;2697;[authentication username=2697 password=1234]
2698;2698;[authentication username=2698 password=1234]
2699;2699;[authentication username=2699 password=1234]
2700;2700;[authentication username=2700 password=1234]
2701;2701;[authentication username=2701 password=1234]
2702;2702;[authentication username=2702 password=1234]
2703;2703;[authentication username=2703 password=1234]
2704;2704;[authentication username=2704 password=1234]
2705;2705;[authentication username=2705 password=1234]
2706;2706;[authentication username=2706 password=1234]
2707;2707;[authentication username=2707 password=1234]
2708;2708;[authentication username=2708 password=1234]
2709;2709;[authentication username=2709 password=1234]
2710;2710;[authentication username=2710 password=1234]
2711;2711;[authentication username=2711 password=1234]
2712;2712;[authentication username=2712 password=1234]
2713;2713;[authentication username=2713 password=1234]
2714;2714;[authentication username=2714 password=1234]
2715;2715;[authentication username=2715 password=1234]
2716;2716;[authentication username=2716 password=1234]
2717;2717;[authentication username=2717 password=1234]
2718;2718;[authentication username=2718 password=1234]
2719;2719;[authentication username=2719 password=1234]
2720;2720;[authentication username=2720 password=1234]
2721;2721;[authentication username=2721 password=1234]
2722;2722;[authentication username=2722 password=1234]
2723;2723;[authentication username=2723 password=1234]
2724;2724;[authentication username=2724 password=1234]
2725;2725;[authentication username=2725 password=1234]
2726;2726;[authentication username=2726 password=1234]
2727;2727;[authentication username=2727 password=1234]
2728;2728;[authentication username=2728 password=1234]
2729;2729;[authentication username=2729 password=1234]
2730;2730;[authentication username=2730 password=1234]
2731;2731;[authentication username=2731 password=1234]
2732;2732;[authentication username=2732 password=1234]
2733;2733;[authentication username=2733 password=1234]
2734;2734;[authentication username=2734 password=1234]
2735;2735;[authentication username=2735 password=1234]
2736;2736;[authentication username=2736 password=1234]
2737;2737;[authentication username=2737 password=1234]
2738;2738;[authentication username=2738 password=1234]
2739;2739;[authentication username=2739 password=1234]
2740;2740;[authentication username=2740 password=1234]
2741;2741;[authentication username=2741 password=1234]
2742;2742;[authentication username=2742 password=1234]
2743;2743;[authentication username=2743 password=1234]
2744;2744;[authentication username=2744 password=1234]
2745;2745;[authentication username=2745 password=1234]
2746;2746;[authentication username=2746 password=1234]
2747;2747;[authentication username=2747 password=1234]
2748;2748;[authentication username=2748 password=1234]
2749;2749;[authentication username=2749 password=1234]
2750;2750;[authentication username=2750 password=1234]
2751;2751;[authentication username=2751 password=1234]
2752;2752;[authentication username=2752 password=1234]
2753;2753;[authentication username=2753 password=1234]
2754;2754;[authentication username=2754 password=1234]
2755;2755;[authentication username=2755 password=1234]
2756;2756;[authentication username=2756 password=1234]
2757;2757;[authentication username=2757 password=1234]
2758;2758;[authentication username=2758 password=1234]
2759;2759;[authentication username=2759 password=1234]
2760;2760;[authentication username=2760 password=1234]
2761;2761;[authentication username=2761 password=1234]
2762;2762;[authentication username=2762 password=1234]
2763;2763;[authentication username=2763 password=1234]
2764;2764;[authentication username=2764 password=1234]
2765;2765;[authentication username=2765 password=1234]
2766;2766;[authentication username=2766 password=1234]
2767;2767;[authentication username=2767 password=1234]
2768;2768;[authentication username=2768 password=1234]
2769;2769;[authentication username=2769 password=1234]
2770;2770;[authentication username=2770 password=1234]
2771;2771;[authentication username=2771 password=1234]
2772;2772;[authentication username=2772 password=1234]
2773;2773;[authentication username=2773 password=1234]
2774;2774;[authentication username=2774 password=1234]
2775;2775;[authentication username=2775 password=1234]
2776;2776;[authentication username=2776 password=1234]
2777;2777;[authentication username=2777 password=1234]
2778;2778;[authentication username=2778 password=1234]
2779;2779;[authentication username=2779 password=1234]
2780;2780;[authentication username=2780 password=1234]
2781;2781;[authentication username=2781 password=1234]
2782;2782;[authentication username=2782 password=1234]
2783;2783;[authentication username=2783 password=1234]
2784;2784;[authentication username=2784 password=1234]
2785;2785;[authentication username=2785 password=1234]
2786;2786;[authentication username=2786 password=1234]
2787;2787;[authentication username=2787 password=1234]
2788;2788;[authentication username=2788 password=1234]
2789;2789;[authentication username=2789 password=1234]
2790;2790;[authentication username=2790 password=1234]
2791;2791;[authentication username=2791 password=1234]
2792;2792;[authentication username=2792 password=1234]
2793;2793;[authentication username=2793 password=1234]
2794;2794;[authentication username=2794 password=1234]
2795;2795;[authentication username=2795 password=1234]
2796;2796;[authentication username=2796 password=1234]
2797;2797;[authentication username=2797 password=1234]
2798;2798;[authentication username=2798 password=1234]
2799;2799;[authentication username=2799 password=1234]
2800;2800;[authentication username=2800 password=1234]
2801;2801;[authentication username=2801 password=1234]
2802;2802;[authentication username=2802 password=1234]
2803;2803;[authentication username=2803 password=1234]
2804;2804;[authentication username=2804 password=1234]
2805;2805;[authentication username=2805 password=1234]
2806;2806;[authentication username=2806 password=1234]
2807;2807;[authentication username=2807 password=1234]
2808;2808;[authentication username=2808 password=1234]
2809;2809;[authentication username=2809 password=1234]
2810;2810;[authentication username=2810 password=1234]
2811;2811;[authentication username=2811 password=1234]
2812;2812;[authentication username=2812 password=1234]
2813;2813;[authentication username=2813 password=1234]
2814;2814;[authentication username=2814 password=1234]
2815;2815;[authentication username=2815 password=1234]
2816;2816;[authentication username=2816 password=1234]
2817;2817;[authentication username=2817 password=1234]
2818;2818;[authentication username=2818 password=1234]
2819;2819;[authentication username=2819 password=1234]
2820;2820;[authentication username=2820 password=1234]
2821;2821;[authentication username=2821 password=1234]
2822;2822;[authentication username=2822 password=1234]
2823;2823;[authentication username=2823 password=1234]
2824;2824;[authentication username=2824 password=1234]
2825;2825;[authentication username=2825 password=1234]
2826;2826;[authentication username=2826 password=1234]
2827;2827;[authentication username=2827 password=1234]
2828;2828;[authentication username=2828 password=1234]
2829;2829;[authentication username=2829 password=1234]
2830;2830;[authentication username=2830 password=1234]
2831;2831;[authentication username=2831 password=1234]
2832;2832;[authentication username=2832 password=1234]
2833;2833;[authentication username=2833 password=1234]
2834;2834;[authentication username=2834 password=1234]
2835;2835;[authentication username=2835 password=1234]
2836;2836;[authentication username=2836 password=1234]
2837;2837;[authentication username=2837 password=1234]
2838;2838;[authentication username=2838 password=1234]
2839;2839;[authentication username=2839 password=1234]
2840;2840;[authentication username=2840 password=1234]
2841;2841;[authentication username=2841 password=1234]
2842;2842;[authentication username=2842 password=1234]
2843;2843;[authentication username=2843 password=1234]
2844;2844;[authentication username=2844 password=1234]
2845;2845;[authentication username=2845 password=1234]
2846;2846;[authentication username=2846 password=1234]
2847;2847;[authentication username=2847 password=1234]
2848;2848;[authentication username=2848 password=1234]
2849;2849;[authentication username=2849 password=1234]
2850;2850;[authentication username=2850 password=1234]
2851;2851;[authentication username=2851 password=1234]
2852;2852;[authentication username=2852 password=1234]
2853;2853;[authentication username=2853 password=1234]
2854;2854;[authentication username=2854 password=1234]
2855;2855;[authentication username=2855 password=1234]
2856;2856;[authentication username=2856 password=1234]
2857;2857;[authentication username=2857 password=1234]
2858;2858;[authentication username=2858 password=1234]
2859;2859;[authentication username=2859 password=1234]
2860;2860;[authentication username=2860 password=1234]
2861;2861;[authentication username=2861 password=1234]
2862;2862;[authentication username=2862 password=1234]
2863;2863;[authentication username=2863 password=1234]
2864;2864;[authentication username=2864 password=1234]
2865;2865;[authentication username=2865 password=1234]
2866;2866;[authentication username=2866 password=1234]
2867;2867;[authentication username=2867 password=1234]
2868;2868;[authentication username=2868 password=1234]
2869;2869;[authentication username=2869 password=1234]
2870;2870;[authentication username=2870 password=1234]
2871;2871;[authentication username=2871 password=1234]
2872;2872;[authentication username=2872 password=1234]
2873;2873;[authentication username=2873 password=1234]
2874;2874;[authentication username=2874 password=1234]
2875;2875;[authentication username=2875 password=1234]
2876;2876;[authentication username=2876 password=1234]
2877;2877;[authentication username=2877 password=1234]
2878;2878;[authentication username=2878 password=1234]
2879;2879;[authentication username=2879 password=1234]
2880;2880;[authentication username=2880 password=1234]
2881;2881;[authentication username=2881 password=1234]
2882;2882;[authentication username=2882 password=1234]
2883;2883;[authentication username=2883 password=1234]
2884;2884;[authentication username=2884 password=1234]
2885;2885;[authentication username=2885 password=1234]
2886;2886;[authentication username=2886 password=1234]
2887;2887;[authentication username=2887 password=1234]
2888;2888;[authentication username=2888 password=1234]
2889;2889;[authentication username=2889 password=1234]
2890;2890;[authentication username=2890 password=1234]
2891;2891;[authentication username=2891 password=1234]
2892;2892;[authentication username=2892 password=1234]
2893;2893;[authentication username=2893 password=1234]
2894;2894;[authentication username=2894 password=1234]
2895;2895;[authentication username=2895 password=1234]
2896;2896;[authentication username=2896 password=1234]
2897;2897;[authentication username=2897 password=1234]
2898;2898;[authentication username=2898 password=1234]
2899;2899;[authentication username=2899 password=1234]
2900;2900;[authentication username=2900 password=1234]
2901;2901;[authentication username=2901 password=1234]
2902;2902;[authentication username=2902 password=1234]
2903;2903;[authentication username=2903 password=1234]
2904;2904;[authentication username=2904 password=1234]
2905;2905;[authentication username=2905 password=1234]
2906;2906;[authentication username=2906 password=1234]
2907;2907;[authentication username=2907 password=1234]
2908;2908;[authentication username=2908 password=1234]
2909;2909;[authentication username=2909 password=1234]
2910;2910;[authentication username=2910 password=1234]
2911;2911;[authentication username=2911 password=1234]
2912;2912;[authentication username=2912 password=1234]
2913;2913;[authentication username=2913 password=1234]
2914;2914;[authentication username=2914 password=1234]
2915;2915;[authentication username=2915 password=1234]
2916;2916;[authentication username=2916 password=1234]
2917;2917;[authentication username=2917 password=1234]
2918;2918;[authentication username=2918 password=1234]
2919;2919;[authentication username=2919 password=1234]
2920;2920;[authentication username=2920 password=1234]
2921;2921;[authentication username=2921 password=1234]
2922;2922;[authentication username=2922 password=1234]
2923;2923;[authentication username=2923 password=1234]
2924;2924;[authentication username=2924 password=1234]
2925;2925;[authentication username=2925 password=1234]
2926;2926;[authentication username=2926 password=1234]
2927;2927;[authentication username=2927 password=1234]
2928;2928;[authentication username=2928 password=1234]
2929;2929;[authentication username=2929 password=1234]
2930;2930;[authentication username=2930 password=1234]
2931;2931;[authentication username=2931 password=1234]
2932;2932;[authentication username=2932 password=1234]
2933;2933;[authentication username=2933 password=1234]
2934;2934;[authentication username=2934 password=1234]
2935;2935;[authentication username=2935 password=1234]
2936;2936;[authentication username=2936 password=1234]
2937;2937;[authentication username=2937 password=1234]
2938;2938;[authentication username=2938 password=1234]
2939;2939;[authentication username=2939 password=1234]
2940;2940;[authentication username=2940 password=1234]
2941;2941;[authentication username=2941 password=1234]
2942;2942;[authentication username=2942 password=1234]
2943;2943;[authentication username=2943 password=1234]
2944;2944;[authentication username=2944 password=1234]
2945;2945;[authentication username=2945 password=1234]
2946;2946;[authentication username=2946 password=1234]
2947;2947;[authentication username=2947 password=1234]
2948;2948;[authentication username=2948 password=1234]
2949;2949;[authentication username=2949 password=1234]
2950;2950;[authentication username=2950 password=1234]
2951;2951;[authentication username=2951 password=1234]
2952;2952;[authentication username=2952 password=1234]
2953;2953;[authentication username=2953 password=1234]
2954;2954;[authentication username=2954 password=1234]
2955;2955;[authentication username=2955 password=1234]
2956;2956;[authentication username=2956 password=1234]
2957;2957;[authentication username=2957 password=1234]
2958;2958;[authentication username=2958 password=1234]
2959;2959;[authentication username=2959 password=1234]
2960;2960;[authentication username=2960 password=1234]
2961;2961;[authentication username=2961 password=1234]
2962;2962;[authentication username=2962 password=1234]
2963;2963;[authentication username=2963 password=1234]
2964;2964;[authentication username=2964 password=1234]
2965;2965;[authentication username=2965 password=1234]
2966;2966;[authentication username=2966 password=1234]
2967;2967;[authentication username=2967 password=1234]
2968;2968;[authentication username=2968 password=1234]
2969;2969;[authentication username=2969 password=1234]
2970;2970;[authentication username=2970 password=1234]
2971;2971;[authentication username=2971 password=1234]
2972;2972;[authentication username=2972 password=1234]
2973;2973;[authentication username=2973 password=1234]
2974;2974;[authentication username=2974 password=1234]
2975;2975;[authentication username=2975 password=1234]
2976;2976;[authentication username=2976 password=1234]
2977;2977;[authentication username=2977 password=1234]
2978;2978;[authentication username=2978 password=1234]
2979;2979;[authentication username=2979 password=1234]
2980;2980;[authentication username=2980 password=1234]
2981;2981;[authentication username=2981 password=1234]
2982;2982;[authentication username=2982 password=1234]
2983;2983;[authentication username=2983 password=1234]
2984;2984;[authentication username=2984 password=1234]
2985;2985;[authentication username=2985 password=1234]
2986;2986;[authentication username=2986 password=1234]
2987;2987;[authentication username=2987 password=1234]
2988;2988;[authentication username=2988 password=1234]
2989;2989;[authentication username=2989 password=1234]
2990;2990;[authentication username=2990 password=1234]
2991;2991;[authentication username=2991 password=1234]
2992;2992;[authentication username=2992 password=1234]
2993;2993;[authentication username=2993 password=1234]
2994;2994;[authentication username=2994 password=1234]
2995;2995;[authentication username=2995 password=1234]
2996;2996;[authentication username=2996 password=1234]
2997;2997;[authentication username=2997 password=1234]
2998;2998;[authentication username=2998 password=1234]
2999;2999;[authentication username=2999 password=1234]
3000;3000;[authentication username=3000 password=1234]
